,name,start_pos,end_pos,tag,score
0,summer,408,414,DATE,1
1,second,1083,1089,ORDINAL,1
2,first,1125,1130,ORDINAL,1
3,"Ah,”she",1208,1215,ORG,1
4,"No,”she",1363,1370,PERSON,1
5,Long Island,2748,2759,GPE,1
6,Three weeks,3115,3126,DATE,1
7,the stormy night,3198,3214,TIME,1
8,the next morning 's,3292,3311,TIME,1
9,about fifteen hundred dollars,4886,4915,MONEY,1
10,Californian,5055,5066,NORP,1
11,New York,5306,5314,GPE,1
12,first,5521,5526,ORDINAL,1
13,Fate,6058,6062,ORG,1
14,One,6589,6592,CARDINAL,1
15,every other day,6619,6634,DATE,1
16,Sarah,6741,6746,PERSON,1
17,the week,6847,6855,DATE,1
18,Dysart,6899,6905,PERSON,1
19,Dysart,7109,7115,PERSON,1
20,first,7863,7868,ORDINAL,1
21,day,8020,8023,DATE,1
22,two,8027,8030,CARDINAL,1
23,the day,8152,8159,DATE,1
24,Glencarleon,8274,8285,ORG,1
25,Sarah,8904,8909,PERSON,1
26,her leisure hours,9054,9071,TIME,1
27,The next day,9073,9085,DATE,1
28,you?”he,9250,9257,ORG,1
29,Columbine,9284,9293,ORG,1
30,Columbine Dysart,9297,9313,PERSON,1
31,Columbine,9402,9411,PERSON,1
32,"us,”she",9486,9493,ORG,1
33,"No,”she returned,“there",9659,9682,PERSON,1
34,"But,”he",9726,9733,PERSON,1
35,"denied,“but",9780,9791,ORG,1
36,you?”she,9985,9993,ORG,1
37,Columbine,10575,10584,ORG,1
38,the days,10790,10798,DATE,1
39,Columbine,11176,11185,ORG,1
40,first,11285,11290,ORDINAL,1
41,Columbine,11380,11389,ORG,1
42,one,11651,11654,CARDINAL,1
43,Sarah,11680,11685,PERSON,1
44,Dysart,11908,11914,PERSON,1
45,summer,12164,12170,DATE,1
46,Dysart,12214,12220,PERSON,1
47,Sarah,12228,12233,PERSON,1
48,a beautiful day,12279,12294,DATE,1
49,the beginning of September,12298,12324,DATE,1
50,clairvoyancy,13072,13084,PERSON,1
51,Columbine,13155,13164,ORG,1
52,inly,13241,13245,ORG,1
53,"pity,”he",13908,13916,ORG,1
54,Dysart,14279,14285,PERSON,1
55,two or three,14468,14480,CARDINAL,1
56,Columbine,15771,15780,ORG,1
57,"right,”he",16463,16472,PERSON,1
58,china,16634,16639,GPE,1
59,two or three generations old,16640,16668,DATE,1
60,Sarah,16670,16675,PERSON,1
61,one,16862,16865,CARDINAL,1
62,"pitcher,”he",16912,16923,PERSON,1
63,"cream,“ought",16968,16980,LOC,1
64,Tom,17157,17160,PERSON,1
65,see?”he,17568,17575,PERSON,1
66,Tom,17644,17647,PERSON,1
67,Columbine,17768,17777,ORG,1
68,Tom,17793,17796,PERSON,1
69,half,18036,18040,CARDINAL,1
70,Tom,18377,18380,PERSON,1
71,a few stray bits,18405,18421,TIME,1
72,"beginnings,”he",18579,18593,PERSON,1
73,the day,18618,18625,DATE,1
74,first,18648,18653,ORDINAL,1
75,one,19068,19071,CARDINAL,1
76,one,19090,19093,CARDINAL,1
77,the day,19329,19336,DATE,1
78,Miss Dysart,19456,19467,PERSON,1
79,"me,”was",19682,19689,ORG,1
80,each morning,19806,19818,TIME,1
81,the previous day,19877,19893,DATE,1
82,Columbine,20139,20148,ORG,1
83,each day,20600,20608,DATE,1
84,Tom,20686,20689,PERSON,1
85,days,20714,20718,DATE,1
86,Tom,20935,20938,PERSON,1
87,the first week,20984,20998,DATE,1
88,India,21155,21160,GPE,1
89,Tom,21264,21267,PERSON,1
90,Dysart,21656,21662,PERSON,1
91,one afternoon,21663,21676,TIME,1
92,Tom,21939,21942,PERSON,1
93,Tommy,21944,21949,PERSON,1
94,Thomas,21951,21957,PERSON,1
95,Tom Titmouse,21990,22002,PERSON,1
96,Tom Tattamus,22024,22036,PERSON,1
97,"no,”he",22936,22942,DATE,1
98,"me,”she",23546,23553,ORG,1
99,Dysart,23868,23874,PERSON,1
100,Dysart,23988,23994,PERSON,1
101,Columbine,24703,24712,ORG,1
102,Sarah,24721,24726,PERSON,1
103,Dysarts,24862,24869,PERSON,1
104,the Van Rensselaers,24874,24893,PERSON,1
105,two,24897,24900,CARDINAL,1
106,Tom,25063,25066,PERSON,1
107,Dysart,25086,25092,PERSON,1
108,his first days,25201,25215,DATE,1
109,one,25231,25234,CARDINAL,1
110,Dysart,25480,25486,PERSON,1
111,Columbine,25572,25581,ORG,1
112,two,25817,25820,CARDINAL,1
113,every day,25826,25835,DATE,1
114,Columbine,25914,25923,ORG,1
115,Columbine,26085,26094,ORG,1
116,Tom,26183,26186,PERSON,1
117,a day,26433,26438,DATE,1
118,two,26520,26523,CARDINAL,1
119,Columbine,26571,26580,ORG,1
120,Tom lay,26611,26618,PERSON,1
121,autumn,26982,26988,DATE,1
122,The summer,26991,27001,DATE,1
123,"Yes,”he echoed,“the summer",27083,27109,WORK_OF_ART,1
124,Tom,27602,27605,PERSON,1
125,Columbine,28157,28166,ORG,1
126,"Besides,”Columbine",28364,28382,PERSON,1
127,Tom,29180,29183,PERSON,1
128,from day to day,29404,29419,DATE,1
129,Columbine,29576,29585,ORG,1
130,Columbine,29945,29954,ORG,1
131,Columbine,30331,30340,ORG,1
132,Columbine,30523,30532,ORG,1
133,"Come,”she",30544,30553,ORG,1
134,Sarah,30756,30761,PERSON,1
135,Tom,30812,30815,PERSON,1
136,Columbine,30869,30878,ORG,1
137,"story,”he",31107,31116,PERSON,1
138,first,31218,31223,ORDINAL,1
139,Columbine,31946,31955,ORG,1
140,Tom,32043,32046,PERSON,1
141,yesterday,32300,32309,DATE,1
142,this morning,32395,32407,TIME,1
143,second,32451,32457,ORDINAL,1
144,Dysart,32567,32573,PERSON,1
145,Tom,32625,32628,PERSON,1
146,Columbine,32670,32679,ORG,1
147,this morning,32984,32996,TIME,1
148,three years before,33145,33163,DATE,1
149,India,33196,33201,GPE,1
150,British,33380,33387,NORP,1
151,Indiaman,33446,33454,NORP,1
152,the Dysart mansion,33615,33633,FAC,1
153,Sarah,33657,33662,PERSON,1
154,Columbine,33855,33864,ORG,1
155,Each day,33979,33987,DATE,1
156,that morning,34433,34445,TIME,1
157,Tom,34541,34544,PERSON,1
158,"here,”she",34623,34632,PERSON,1
159,Sarah,34676,34681,PERSON,1
160,thirty years,34754,34766,DATE,1
161,thirty years,34888,34900,DATE,1
162,Calcutta,35423,35431,GPE,1
163,moonlight nights,35444,35460,TIME,1
164,the Indian ocean,35464,35480,LOC,1
165,Southern seas,35577,35590,LOC,1
166,Grant,35598,35603,PERSON,1
167,October,35685,35692,DATE,1
168,Columbine,35933,35942,ORG,1
169,Dysart,36082,36088,PERSON,1
170,"that,”he",36116,36124,ORG,1
171,Tom,36407,36410,PERSON,1
172,Tom,36609,36612,PERSON,1
173,"sentiment,”he",36692,36705,LAW,1
174,season,37253,37259,DATE,1
175,two,37315,37318,CARDINAL,1
176,summer,37415,37421,DATE,1
177,Tom,37768,37771,PERSON,1
178,"No,”he",37913,37919,PERSON,1
179,Tom,38108,38111,PERSON,1
180,"hide,”he",38346,38354,PERSON,1
181,Grant,38419,38424,PERSON,1
182,"understand,”Columbine",38640,38661,ORG,1
183,Grant,38806,38811,PERSON,1
184,"bitterly,“you",39003,39016,ORG,1
185,"more,”he",39059,39067,PERSON,1
186,Columbine,39498,39507,ORG,1
187,summer,39742,39748,DATE,1
188,Tom,39755,39758,PERSON,1
189,first,39762,39767,ORDINAL,1
190,Columbine,39883,39892,ORG,1
191,hour,39938,39942,TIME,1
192,One,40314,40317,CARDINAL,1
193,Tom,40346,40349,PERSON,1
194,the Dysart mansion,40371,40389,FAC,1
195,Columbine,40407,40416,ORG,1
196,Dysart,40612,40618,PERSON,1
197,Sarah,40890,40895,PERSON,1
198,Thomas!”the,40974,40985,PERSON,1
199,"have,”he",41087,41095,ORG,1
200,spade,41136,41141,PERSON,1
201,Tom,41328,41331,PERSON,1
202,Sarah,41379,41384,PERSON,1
203,fifty years,41549,41560,DATE,1
204,"spade,”was",41615,41625,PERSON,1
205,Sarah,41673,41678,PERSON,1
206,two,42232,42235,CARDINAL,1
207,Columbine,42404,42413,ORG,1
208,all day,42572,42579,DATE,1
209,Columbine,42638,42647,ORG,1
210,second,42728,42734,ORDINAL,1
211,second,42841,42847,ORDINAL,1
212,Columbine,42989,42998,ORG,1
213,Columbine,43173,43182,ORG,1
214,half,43234,43238,CARDINAL,1
215,Tom,43340,43343,PERSON,1
216,eddied,43412,43418,PERSON,1
217,Sarah,43447,43452,PERSON,1
218,dozen,43502,43507,CARDINAL,1
219,Columbine,43516,43525,ORG,1
220,Go back!”shouted Tom,43662,43682,WORK_OF_ART,1
221,Tom,43959,43962,PERSON,1
222,Tom,44061,44064,PERSON,1
223,"house,”he",44152,44161,PERSON,1
224,you?”she,44332,44340,ORG,1
225,"me,”he",44418,44424,DATE,1
226,late in the night,44491,44508,TIME,1
227,Tom,44558,44561,PERSON,1
228,Sarah,44634,44639,PERSON,1
229,Tom flung,44792,44801,PERSON,1
230,spade,44811,44816,PERSON,1
231,"now,”he",44894,44901,ORG,1
232,Undemonstratively,45052,45069,PERSON,1
233,Sarah,45094,45099,PERSON,1
234,Tom,45231,45234,PERSON,1
235,summer,45296,45302,DATE,1
236,Columbine,45481,45490,ORG,1
237,Tom,45685,45688,PERSON,1
238,"No,”she",45848,45855,PERSON,1
239,winter,46809,46815,DATE,1
240,Columbine,47350,47359,ORG,1
241,Tom,47574,47577,PERSON,1
242,afternoon,47612,47621,TIME,1
243,Tom,47643,47646,PERSON,1
244,Ten hours,47681,47690,TIME,1
245,Thomas Wainwright,48012,48029,WORK_OF_ART,1
246,India,49060,49065,GPE,1
247,Tom,49122,49125,PERSON,1
248,Columbine,49483,49492,ORG,1
249,Good-morning,49619,49631,TIME,1
250,"Wainwright,”she",49637,49652,PERSON,1
251,Good heavens!”cried he,49778,49800,WORK_OF_ART,1
252,"No,”she",49868,49875,PERSON,1
253,Salem,50040,50045,GPE,1
254,Tom,50054,50057,PERSON,1
255,New York,50175,50183,GPE,1
256,one,50293,50296,CARDINAL,1
257,Thomas Wainwright,50297,50314,PERSON,1
258,Baltimore,50319,50328,GPE,1
259,Tom,50429,50432,PERSON,1
260,Bah!”he,50470,50477,ORG,1
261,daily,50545,50550,DATE,1
262,India,50613,50618,GPE,1
263,"De mortuis,”returned Columbine",50678,50708,ORG,1
264,"me,”he",50824,50830,DATE,1
265,Columbine,51011,51020,ORG,1
266,Interlude First,51169,51184,ORG,1
267,five hundred,51911,51923,CARDINAL,1
268,Britany,52428,52435,PERSON,1
269,one,52549,52552,CARDINAL,1
270,First,53185,53190,ORDINAL,1
271,second,53223,53229,ORDINAL,1
272,Britany,53963,53970,PERSON,1
273,Britany,53983,53990,PERSON,1
274,Britany,54000,54007,PERSON,1
275,one,55283,55286,CARDINAL,1
276,first,55695,55700,ORDINAL,1
277,a moment ago,55968,55980,TIME,1
278,the evening,56456,56467,TIME,1
279,half an hour,56552,56564,TIME,1
280,Tom Moore,56715,56724,PERSON,1
281,Britany,57200,57207,PERSON,1
282,Britany,57720,57727,ORG,1
283,Procrustean,57985,57996,NORP,1
284,the three years,58142,58157,DATE,1
285,Three years,58182,58193,DATE,1
286,three years,58228,58239,DATE,1
287,three years,59277,59288,DATE,1
288,Diogenes,60107,60115,PERSON,1
289,Philip,60484,60490,PERSON,1
290,Agnes,60496,60501,PERSON,1
291,Russia,60610,60616,GPE,1
292,Agnes,60686,60691,PERSON,1
293,Agnes,60701,60706,PERSON,1
294,Phil,61018,61022,PERSON,1
295,Second,61268,61274,ORDINAL,1
296,Henshaw,61336,61343,PERSON,1
297,one,61727,61730,CARDINAL,1
298,Friendleton,61753,61764,PERSON,1
299,Boston,61810,61816,GPE,1
300,the end of the seventeenth century,62115,62149,DATE,1
301,one,62327,62330,CARDINAL,1
302,Spain,62675,62680,GPE,1
303,Christian,62794,62803,NORP,1
304,Copp,62977,62981,PERSON,1
305,Henshaw,63112,63119,PERSON,1
306,Boston,63314,63320,GPE,1
307,Henshaw,63439,63446,PERSON,1
308,dame,63457,63461,PERSON,1
309,Providence,63695,63705,GPE,1
310,half,63728,63732,CARDINAL,1
311,a few years,64001,64012,DATE,1
312,Boston,64034,64040,GPE,1
313,Moon,64059,64063,GPE,1
314,Sun Court,64068,64077,ORG,1
315,1669,64105,64109,DATE,1
316,night,64273,64278,TIME,1
317,the day,64401,64408,DATE,1
318,1878,64418,64422,DATE,1
319,John Friendleton,64558,64574,PERSON,1
320,Henshaw,64589,64596,PERSON,1
321,thirty years old,64627,64643,DATE,1
322,Henshaw,64781,64788,PERSON,1
323,some three,64914,64924,CARDINAL,1
324,winters,64931,64938,DATE,1
325,each frosty season,64940,64958,DATE,1
326,Henshaw,65222,65229,PERSON,1
327,Boston,65283,65289,GPE,1
328,Dinah,65392,65397,PERSON,1
329,half,65472,65476,CARDINAL,1
330,nightfall,65567,65576,TIME,1
331,Dame Henshaw 's,65650,65665,PERSON,1
332,Massachusetts,65848,65861,GPE,1
333,Cotton Mather,65948,65961,PERSON,1
334,this day,65995,66003,DATE,1
335,New England,66184,66195,LOC,1
336,the days,66238,66246,DATE,1
337,Job,66250,66253,PERSON,1
338,Lucifer,66343,66350,PERSON,1
339,Cotton Mather 's,66404,66420,PERSON,1
340,hundreds,66614,66622,CARDINAL,1
341,Sadducism,66797,66806,ORG,1
342,those days,66946,66956,DATE,1
343,Henshaw,66975,66982,PERSON,1
344,Dame Henshaw,67088,67100,PERSON,1
345,one,67105,67108,CARDINAL,1
346,Sun Court,67390,67399,ORG,1
347,Prison lane,67410,67421,FAC,1
348,this last year of the century,67493,67522,DATE,1
349,Kidd,67631,67635,PERSON,1
350,Salem,67818,67823,GPE,1
351,1692,67836,67840,DATE,1
352,Henshaw,67879,67886,PERSON,1
353,second,67912,67918,ORDINAL,1
354,John Friendleton,67955,67971,PERSON,1
355,Englishman,67980,67990,NORP,1
356,Henshaw,68055,68062,PERSON,1
357,the New World,68125,68138,FAC,1
358,his day,68204,68211,DATE,1
359,china,68521,68526,GPE,1
360,frank,68923,68928,PERSON,1
361,New England,69019,69030,LOC,1
362,England,69790,69797,GPE,1
363,John Friendleton,70026,70042,PERSON,1
364,Trimountain,70085,70096,ORG,1
365,Boston,70196,70202,GPE,1
366,The few months,70204,70218,DATE,1
367,one century,70278,70289,DATE,1
368,1700,70318,70322,DATE,1
369,Boston,70464,70470,GPE,1
370,England,70489,70496,GPE,1
371,Henshaw,70549,70556,PERSON,1
372,Boston,70579,70585,GPE,1
373,Pemaquid,70674,70682,LOC,1
374,one,70734,70737,CARDINAL,1
375,Rose Dalton,70738,70749,PERSON,1
376,Henshaw,70861,70868,PERSON,1
377,Dinah,71017,71022,PERSON,1
378,John,71103,71107,PERSON,1
379,half,71168,71172,CARDINAL,1
380,John,71415,71419,PERSON,1
381,nearly two centuries,71561,71581,DATE,1
382,"Friendleton,”the",72085,72101,PERSON,1
383,courtesying bewitchingly,72115,72139,PERSON,1
384,"luggage,”he",72195,72206,PERSON,1
385,Henshaw,72457,72464,PERSON,1
386,straitly,72482,72490,GPE,1
387,John Friendleton,72713,72729,PERSON,1
388,Rose,72824,72828,PERSON,1
389,Friendleton,73014,73025,PERSON,1
390,Rose,73214,73218,PERSON,1
391,Henshaw,73523,73530,PERSON,1
392,one,73584,73587,CARDINAL,1
393,Rose,73620,73624,PERSON,1
394,half a dozen,73780,73792,CARDINAL,1
395,all the year,74109,74121,DATE,1
396,daily,74162,74167,DATE,1
397,"well,”he",74339,74347,PERSON,1
398,Rose,74484,74488,PERSON,1
399,John,74522,74526,PERSON,1
400,daily,74540,74545,DATE,1
401,a thousand,74718,74728,CARDINAL,1
402,Friendleton,75206,75217,PERSON,1
403,Rose,75293,75297,ORG,1
404,Rose,75571,75575,PERSON,1
405,John Friendleton,75579,75595,PERSON,1
406,first,75669,75674,ORDINAL,1
407,Boston,75724,75730,GPE,1
408,the year,75874,75882,DATE,1
409,early autumn,75929,75941,DATE,1
410,Rose,75947,75951,PERSON,1
411,Friendleton,75968,75979,PERSON,1
412,North Church,76027,76039,ORG,1
413,its century,76054,76065,DATE,1
414,British,76128,76135,NORP,1
415,one,76278,76281,CARDINAL,1
416,more than one,76377,76390,CARDINAL,1
417,Copp,76525,76529,PERSON,1
418,Hill,76533,76537,PERSON,1
419,John Friendleton,76712,76728,PERSON,1
420,John,76814,76818,PERSON,1
421,two,76997,77000,CARDINAL,1
422,Moon Street,77240,77251,FAC,1
423,two centuries,77298,77311,DATE,1
424,November,77570,77578,DATE,1
425,last day,77590,77598,DATE,1
426,half,77616,77620,CARDINAL,1
427,half,77627,77631,CARDINAL,1
428,Boston,77656,77662,GPE,1
429,Trimount,77680,77688,GPE,1
430,that day,77857,77865,DATE,1
431,Sun Court Street,77964,77980,FAC,1
432,one,78110,78113,CARDINAL,1
433,those nights,78117,78129,DATE,1
434,John,78207,78211,PERSON,1
435,Rose,78216,78220,PERSON,1
436,England,78309,78316,GPE,1
437,Dinah,78486,78491,PERSON,1
438,Dinah,78689,78694,PERSON,1
439,Dinah,78696,78701,PERSON,1
440,first,79258,79263,ORDINAL,1
441,Rose,79305,79309,PERSON,1
442,Dinah,79444,79449,PERSON,1
443,"John,”Rose",79642,79652,PERSON,1
444,just a year to-night,79742,79762,DATE,1
445,Henshaw,79778,79785,PERSON,1
446,"best,”he",79914,79922,PERSON,1
447,that day,80367,80375,DATE,1
448,our happy days,80460,80474,DATE,1
449,first,80890,80895,ORDINAL,1
450,Good-night,81338,81348,WORK_OF_ART,1
451,"dear,”she",81350,81359,ORG,1
452,Henshaw,81402,81409,PERSON,1
453,hour,81562,81566,TIME,1
454,John Friendleton,81582,81598,PERSON,1
455,next morning,81599,81611,TIME,1
456,John,81788,81792,PERSON,1
457,John,82259,82263,PERSON,1
458,third,82514,82519,ORDINAL,1
459,Rose,82913,82917,PERSON,1
460,one,83490,83493,CARDINAL,1
461,Henshaw,83662,83669,PERSON,1
462,Interlude Second,83671,83687,ORG,1
463,WHIST,83703,83708,ORG,1
464,WHIST,83724,83729,ORG,1
465,Vaughn,83736,83742,PERSON,1
466,Graham,83791,83797,PERSON,1
467,a year,84003,84009,DATE,1
468,Graham,84019,84025,PERSON,1
469,Vaughn,84250,84256,PERSON,1
470,Graham,84306,84312,PERSON,1
471,Talbot,84377,84383,PERSON,1
472,Talbot,84434,84440,PERSON,1
473,Vaughn,84484,84490,PERSON,1
474,V.,84636,84638,PERSON,1
475,Wentworths,84769,84779,ORG,1
476,last night,84782,84792,TIME,1
477,Talbot,84798,84804,PERSON,1
478,T.,84810,84812,PERSON,1
479,two,84858,84861,CARDINAL,1
480,G.,84960,84962,PERSON,1
481,V.,85025,85027,PERSON,1
482,G.,85061,85063,PERSON,1
483,T. Diamonds,85262,85273,PERSON,1
484,Graham,85472,85478,PERSON,1
485,G.,85488,85490,PERSON,1
486,Auction Pitch,85545,85558,PERSON,1
487,V. Do,85664,85669,PERSON,1
488,Graham,85723,85729,PERSON,1
489,G. No,85739,85744,PERSON,1
490,T.,85799,85801,PERSON,1
491,G. No,85825,85830,PERSON,1
492,T. No,86010,86015,PERSON,1
493,G.,86115,86117,PERSON,1
494,T.,86205,86207,PERSON,1
495,V.,86313,86315,PERSON,1
496,jack,86372,86376,PERSON,1
497,T.,86399,86401,PERSON,1
498,V.,86472,86474,PERSON,1
499,T.,86513,86515,PERSON,1
500,T.,86607,86609,PERSON,1
501,V. Diamonds,86669,86680,PERSON,1
502,T.,86767,86769,PERSON,1
503,Graham,86818,86824,PERSON,1
504,Graham,86948,86954,PERSON,1
505,G.,86964,86966,PERSON,1
506,V.,87002,87004,PERSON,1
507,T.,87106,87108,PERSON,1
508,V.,87159,87161,PERSON,1
509,G.,87279,87281,PERSON,1
510,Vaughn,87304,87310,PERSON,1
511,V.,87317,87319,PERSON,1
512,T.,87426,87428,PERSON,1
513,V.,87503,87505,PERSON,1
514,T.,87536,87538,PERSON,1
515,V.,87590,87592,PERSON,1
516,G.,87640,87642,PERSON,1
517,two,87722,87725,CARDINAL,1
518,T.,87736,87738,PERSON,1
519,seven,87773,87778,CARDINAL,1
520,G.,87873,87875,PERSON,1
521,V.,87972,87974,PERSON,1
522,T.,88031,88033,PERSON,1
523,T.,88120,88122,PERSON,1
524,G.,88221,88223,PERSON,1
525,G.,88347,88349,PERSON,1
526,V.,88385,88387,PERSON,1
527,three,88412,88417,CARDINAL,1
528,V.,88611,88613,PERSON,1
529,Graham,88652,88658,PERSON,1
530,G.,88668,88670,PERSON,1
531,T. Oh,88696,88701,PERSON,1
532,G.,88859,88861,PERSON,1
533,Talbot,88896,88902,PERSON,1
534,T.,88943,88945,PERSON,1
535,V.,89071,89073,PERSON,1
536,last summer,89111,89122,DATE,1
537,Bar Harbor,89126,89136,FAC,1
538,five,89367,89371,CARDINAL,1
539,ten,89434,89437,CARDINAL,1
540,T.,89502,89504,PERSON,1
541,Sixty-six,89536,89545,DATE,1
542,Sixty-six,89589,89598,CARDINAL,1
543,Vaughn,89628,89634,PERSON,1
544,Ethel Mott,89657,89667,PERSON,1
545,G.,89743,89745,PERSON,1
546,Vaughn,89768,89774,PERSON,1
547,V. Oh,89781,89786,PERSON,1
548,fourth,89826,89832,ORDINAL,1
549,fourth,89870,89876,ORDINAL,1
550,G.,89891,89893,PERSON,1
551,T. Oh,89916,89921,PERSON,1
552,fourth,89923,89929,ORDINAL,1
553,Janet Graham 's,90261,90276,PERSON,1
554,german,90277,90283,NORP,1
555,Talbot,90289,90295,PERSON,1
556,T.,90321,90323,PERSON,1
557,V.,90386,90388,PERSON,1
558,G.,90409,90411,PERSON,1
559,Vaughn,90434,90440,PERSON,1
560,V.,90533,90535,PERSON,1
561,two,90540,90543,CARDINAL,1
562,V.,90593,90595,PERSON,1
563,V.,90694,90696,PERSON,1
564,T. I ',90723,90729,PERSON,1
565,V.,90761,90763,PERSON,1
566,one,90799,90802,CARDINAL,1
567,Graham,90943,90949,PERSON,1
568,G.,90959,90961,PERSON,1
569,V.,90998,91000,PERSON,1
570,G.,91172,91174,PERSON,1
571,T.,91186,91188,PERSON,1
572,G.,91263,91265,PERSON,1
573,T.,91291,91293,PERSON,1
574,G.,91327,91329,PERSON,1
575,G.,91476,91478,PERSON,1
576,Vaughn,91566,91572,PERSON,1
577,G.,91782,91784,PERSON,1
578,T.,91856,91858,PERSON,1
579,G.,91880,91882,PERSON,1
580,G.,91939,91941,PERSON,1
581,T.,92144,92146,PERSON,1
582,Third,92267,92272,ORDINAL,1
583,BETTY MORK,92280,92290,PERSON,1
584,BETTY MORK,92298,92308,PERSON,1
585,dozen,92329,92334,CARDINAL,1
586,Granton,92346,92353,PERSON,1
587,Bessie,92375,92381,PERSON,1
588,Betty,92443,92448,PERSON,1
589,Betty,92457,92462,PERSON,1
590,Betty,92469,92474,PERSON,1
591,Betty,92493,92498,PERSON,1
592,first,92634,92639,ORDINAL,1
593,"name,”Betty",92656,92667,PERSON,1
594,second,92785,92791,ORDINAL,1
595,Betty Mork,92897,92907,PERSON,1
596,Granton,93006,93013,ORG,1
597,women'shYpppHeNrights,93131,93152,GPE,1
598,Frank Bradford,93329,93343,PERSON,1
599,two,93471,93474,CARDINAL,1
600,Mork,93652,93656,PERSON,1
601,one,93689,93692,CARDINAL,1
602,Granton,93867,93874,PERSON,1
603,summer,94122,94128,DATE,1
604,Maugus,94139,94145,PERSON,1
605,"me,”he",94217,94223,DATE,1
606,"told,”Betty",94343,94354,ORG,1
607,quarrelling?”she,95242,95258,PERSON,1
608,Betty,95816,95821,PERSON,1
609,Nat Granton,95997,96008,PERSON,1
610,Granton,96149,96156,ORG,1
611,Mork,96214,96218,PERSON,1
612,half,96321,96325,CARDINAL,1
613,Dora Mosely,96400,96411,PERSON,1
614,the summer,96425,96435,DATE,1
615,Granton,96443,96450,ORG,1
616,the Elm House,96513,96526,FAC,1
617,summer,96590,96596,DATE,1
618,Maugus,96634,96640,GPE,1
619,Betty,96647,96652,PERSON,1
620,Mosely,96922,96928,PERSON,1
621,Granton,97041,97048,PERSON,1
622,Bradford,97092,97100,PERSON,1
623,Dolly,97321,97326,PERSON,1
624,Granton,97345,97352,PERSON,1
625,Frank Bradford,97428,97442,PERSON,1
626,Frank,97631,97636,PERSON,1
627,Nat Granton,97727,97738,PERSON,1
628,Mosely,98180,98186,PERSON,1
629,Betty,98214,98219,PERSON,1
630,Betty,98428,98433,PERSON,1
631,two,98590,98593,CARDINAL,1
632,Dora,98643,98647,PERSON,1
633,Machiavelian,98675,98687,PERSON,1
634,Frank Bradford,98742,98756,PERSON,1
635,Flora Sturtevant,98776,98792,PERSON,1
636,Betty,98853,98858,PERSON,1
637,Mork,98914,98918,PERSON,1
638,Granton,99110,99117,PERSON,1
639,England,99549,99556,GPE,1
640,Dora,99596,99600,PERSON,1
641,George,99605,99611,PERSON,1
642,English,99649,99656,LANGUAGE,1
643,Maugus,99813,99819,PERSON,1
644,Betty Mork,99828,99838,PERSON,1
645,George,100267,100273,PERSON,1
646,Betty,100462,100467,PERSON,1
647,two,100473,100476,CARDINAL,1
648,George,100737,100743,PERSON,1
649,darling hypocrite!”exclaimed,100981,101009,PERSON,1
650,George,101165,101171,PERSON,1
651,Bradford,101267,101275,PERSON,1
652,Granton,101292,101299,ORG,1
653,Mork,101343,101347,PERSON,1
654,"No,”she",101427,101434,PERSON,1
655,Flora,101452,101457,PERSON,1
656,Tom Carruth,102028,102039,PERSON,1
657,Betty,102369,102374,PERSON,1
658,the summer,102602,102612,DATE,1
659,Granton,102643,102650,PERSON,1
660,George,102796,102802,PERSON,1
661,her day,102934,102941,DATE,1
662,hoydenish,103235,103244,GPE,1
663,George Snow,103461,103472,PERSON,1
664,Dora,103625,103629,PERSON,1
665,Granton,103730,103737,ORG,1
666,England,103864,103871,GPE,1
667,"net,”he",103957,103964,ORG,1
668,American,103975,103983,NORP,1
669,Renshaws,104308,104316,PERSON,1
670,half,104322,104326,CARDINAL,1
671,Betty,104741,104746,PERSON,1
672,Morning,104770,104777,TIME,1
673,"noon, and night",104779,104794,TIME,1
674,"Betty,”he",104886,104895,PERSON,1
675,one day,104905,104912,DATE,1
676,Granton,105116,105123,PERSON,1
677,Betty,105365,105370,PERSON,1
678,"George,”she",105435,105446,PERSON,1
679,Dora,105616,105620,PERSON,1
680,Maugus,105696,105702,PERSON,1
681,The morning of the second day,105735,105764,TIME,1
682,ten o'clock,106045,106056,TIME,1
683,"day,”Betty",106164,106174,ORG,1
684,Dora,106187,106191,PERSON,1
685,two minutes,106285,106296,TIME,1
686,George,106309,106315,PERSON,1
687,Maugus,106351,106357,PERSON,1
688,the idle hours,106458,106472,TIME,1
689,summer,106476,106482,DATE,1
690,the Elm House,106589,106602,FAC,1
691,that afternoon,106730,106744,TIME,1
692,nineteenth-century,106856,106874,DATE,1
693,the first day,106899,106912,DATE,1
694,four,106955,106959,CARDINAL,1
695,the afternoon of the second day,106998,107029,TIME,1
696,Granton,107066,107073,ORG,1
697,first,107164,107169,ORDINAL,1
698,Betty,107201,107206,PERSON,1
699,"Snow,”he",107260,107268,PERSON,1
700,George,107277,107283,PERSON,1
701,Dora 's,107336,107343,ORG,1
702,Granton?”asked Betty,107598,107618,PERSON,1
703,Snow,107705,107709,PERSON,1
704,Newport,107746,107753,GPE,1
705,last year,107754,107763,DATE,1
706,Howard,107869,107875,PERSON,1
707,two,107965,107968,CARDINAL,1
708,Howard,108003,108009,PERSON,1
709,Betty,108063,108068,PERSON,1
710,Howard,108140,108146,PERSON,1
711,"luck,”Granton",108155,108168,LOC,1
712,Mork,108249,108253,PERSON,1
713,Howard,108499,108505,PERSON,1
714,Granton,108859,108866,ORG,1
715,Betty,108933,108938,PERSON,1
716,Howard,109081,109087,PERSON,1
717,him?”Betty,109094,109104,PERSON,1
718,George,109113,109119,PERSON,1
719,Dora,109124,109128,PERSON,1
720,Granton,109194,109201,PERSON,1
721,Howard,109209,109215,PERSON,1
722,Betty,109334,109339,PERSON,1
723,Howard,109527,109533,PERSON,1
724,"George,”she",109577,109588,PERSON,1
725,"apprehension,“can",109615,109632,PERSON,1
726,Howard,109820,109826,PERSON,1
727,Love,109944,109948,WORK_OF_ART,1
728,Betty,109980,109985,PERSON,1
729,Nat Granton,110027,110038,PERSON,1
730,"Dolly,”she",110164,110174,PERSON,1
731,up?”demanded Dora,110245,110262,ORG,1
732,Mork,110332,110336,PERSON,1
733,Granton,110465,110472,ORG,1
734,Howard,110519,110525,PERSON,1
735,Nathaniel Granton,110905,110922,PERSON,1
736,two,111067,111070,CARDINAL,1
737,three,111080,111085,CARDINAL,1
738,George Snow,111157,111168,PERSON,1
739,Newport,111189,111196,ORG,1
740,the summer before,111203,111220,DATE,1
741,Dora,111323,111327,ORG,1
742,Betty,111372,111377,PERSON,1
743,Betty,111397,111402,PERSON,1
744,"match,”she",111616,111626,PERSON,1
745,Dora,111675,111679,PERSON,1
746,five minutes,111772,111784,TIME,1
747,Granton,111806,111813,ORG,1
748,“Be,111910,111913,PERSON,1
749,"long,”she",111964,111973,PERSON,1
750,Dora,112008,112012,PERSON,1
751,two,112028,112031,CARDINAL,1
752,Maugus,112203,112209,PERSON,1
753,Betty,112211,112216,PERSON,1
754,first,113315,113320,ORDINAL,1
755,George,113377,113383,PERSON,1
756,"nervous,”he",113484,113495,PERSON,1
757,"know,”he",113769,113777,PERSON,1
758,Maugus,113925,113931,PERSON,1
759,Betty,114024,114029,PERSON,1
760,first,114114,114119,ORDINAL,1
761,Betty,114228,114233,PERSON,1
762,that day,114266,114274,DATE,1
763,Jove,114450,114454,ORG,1
764,"said,“Granton",114469,114482,GPE,1
765,Betty,114509,114514,PERSON,1
766,Dora,114656,114660,PERSON,1
767,Betty,114734,114739,PERSON,1
768,three,114772,114777,CARDINAL,1
769,five,114791,114795,CARDINAL,1
770,Granton,114821,114828,ORG,1
771,Granton,114869,114876,ORG,1
772,Betty,115132,115137,PERSON,1
773,"George,”Betty",115244,115257,PERSON,1
774,Mork,115346,115350,PERSON,1
775,Nat,115468,115471,PERSON,1
776,Betty,115512,115517,PERSON,1
777,Granton,115565,115572,ORG,1
778,Snow,115805,115809,PERSON,1
779,“She,115896,115900,PERSON,1
780,Granton,115943,115950,ORG,1
781,Love,116005,116009,WORK_OF_ART,1
782,Love,116126,116130,WORK_OF_ART,1
783,"me,”Granton",116203,116214,ORG,1
784,Betty,116227,116232,PERSON,1
785,"you,”she",116402,116410,PERSON,1
786,Granton,116477,116484,ORG,1
787,Betty,117032,117037,PERSON,1
788,George,117102,117108,PERSON,1
789,Dora,117113,117117,PERSON,1
790,third,117438,117443,ORDINAL,1
791,Betty,117579,117584,PERSON,1
792,Games,117599,117604,WORK_OF_ART,1
793,five,117606,117610,CARDINAL,1
794,George Snow 's,117629,117643,PERSON,1
795,Betty,117735,117740,PERSON,1
796,Fifteen,117804,117811,WORK_OF_ART,1
797,Thirty,117960,117966,WORK_OF_ART,1
798,Granton,118021,118028,ORG,1
799,Betty,118056,118061,PERSON,1
800,Thirty; fifteen,118077,118092,TIME,1
801,Betty,118400,118405,PERSON,1
802,Forty,118564,118569,FAC,1
803,Nat Granton,118608,118619,PERSON,1
804,only one,118636,118644,CARDINAL,1
805,George Snow,118694,118705,PERSON,1
806,"fool,”he",118788,118796,PERSON,1
807,Granton,119082,119089,ORG,1
808,Game,119254,119258,WORK_OF_ART,1
809,two,119294,119297,CARDINAL,1
810,Mork,119322,119326,PERSON,1
811,Maugus,119348,119354,PERSON,1
812,Betty,119399,119404,PERSON,1
813,Betty,119560,119565,PERSON,1
814,Granton,119646,119653,ORG,1
815,a dozen,119709,119716,CARDINAL,1
816,Granton,120229,120236,ORG,1
817,afternoon,120271,120280,TIME,1
818,"Good-evening,”he",120393,120409,WORK_OF_ART,1
819,Granton,120532,120539,ORG,1
820,"suppose,”he",120552,120563,WORK_OF_ART,1
821,afternoon,120701,120710,TIME,1
822,Expiation,120768,120777,PERSON,1
823,Maugus,121007,121013,PERSON,1
824,Betty,121026,121031,PERSON,1
825,Granton,121093,121100,ORG,1
826,"hope,”she",121305,121314,PERSON,1
827,Nat,121332,121335,PERSON,1
828,Betty,121654,121659,PERSON,1
829,"Betty,”her",121841,121851,PERSON,1
830,the last two or three weeks,121982,122009,DATE,1
831,all summer,122221,122231,DATE,1
832,Betty,122455,122460,PERSON,1
833,this afternoon,122603,122617,TIME,1
834,Interlude Third,122678,122693,ORG,1
835,Stephen Morgan Fruffles,122787,122810,PERSON,1
836,January 27,122837,122847,DATE,1
837,four to seven,122865,122878,DATE,1
838,a hundred,123185,123194,CARDINAL,1
839,several hundred,123344,123359,CARDINAL,1
840,Chumley Jones,123424,123437,PERSON,1
841,Chumley Jones,123719,123732,PERSON,1
842,"Fruffles,”she",124042,124055,PERSON,1
843,"Jones,”responds",124154,124169,PERSON,1
844,Fridays,124276,124283,DATE,1
845,Jones,124330,124335,PERSON,1
846,Ferdinand Maunder,124500,124517,PERSON,1
847,a lovely day,124546,124558,DATE,1
848,Roman,124580,124585,NORP,1
849,Maunder,124640,124647,PERSON,1
850,all day,124697,124704,DATE,1
851,Jones,124763,124768,PERSON,1
852,second,124881,124887,ORDINAL,1
853,Fred Lasceet,124898,124910,PERSON,1
854,Jones,124955,124960,PERSON,1
855,Lasceet,124987,124994,PERSON,1
856,Maunder,125111,125118,PERSON,1
857,Chumley Jones,125196,125209,PERSON,1
858,the afternoon,125272,125285,TIME,1
859,Lasceet,125348,125355,PERSON,1
860,Roman,125377,125382,NORP,1
861,Jones,125500,125505,PERSON,1
862,Lasceet,125538,125545,PERSON,1
863,Lasceet,125552,125559,PERSON,1
864,Percival Drummond,125708,125725,PERSON,1
865,Drummond,125751,125759,PERSON,1
866,Lasceet,125804,125811,PERSON,1
867,Drummond,125928,125936,PERSON,1
868,Tiger,125987,125992,PERSON,1
869,Roman,126127,126132,NORP,1
870,Gray,126227,126231,PERSON,1
871,Drummond,126285,126293,PERSON,1
872,this year,126330,126339,DATE,1
873,Roman,126358,126363,NORP,1
874,all winter,126444,126454,DATE,1
875,one afternoon,126493,126506,TIME,1
876,two years ago,126507,126520,DATE,1
877,Rome,126535,126539,GPE,1
878,Rome,126555,126559,GPE,1
879,year,126560,126564,DATE,1
880,last?”Mr,126572,126580,PERSON,1
881,Drummond,126582,126590,PERSON,1
882,one,126617,126620,CARDINAL,1
883,October,126768,126775,DATE,1
884,March,126793,126798,DATE,1
885,Jones,126819,126824,PERSON,1
886,three,126981,126986,CARDINAL,1
887,Drummond,127181,127189,PERSON,1
888,Gray,127336,127340,PERSON,1
889,Drummond,127369,127377,PERSON,1
890,Jones,127539,127544,PERSON,1
891,Jones,127850,127855,PERSON,1
892,Europe,127899,127905,LOC,1
893,Susie Throgmorton,127914,127931,PERSON,1
894,Europe,128059,128065,LOC,1
895,New York,128099,128107,GPE,1
896,Aunt Dinah,128137,128147,PERSON,1
897,a couple of days,128152,128168,DATE,1
898,Chumley Jones,128244,128257,PERSON,1
899,Roman,128367,128372,NORP,1
900,Roman,128424,128429,NORP,1
901,Roman,128529,128534,NORP,1
902,Maunder,128614,128621,PERSON,1
903,Lasceet,128627,128634,PERSON,1
904,Drummond,128644,128652,PERSON,1
905,the winter,128764,128774,DATE,1
906,Rome,128802,128806,GPE,1
907,Chumley Jones,128927,128940,PERSON,1
908,Quagget,128957,128964,PERSON,1
909,Quagget,129100,129107,PERSON,1
910,Roman,129126,129131,NORP,1
911,Quagget,129145,129152,PERSON,1
912,one,129260,129263,CARDINAL,1
913,Chumley Jones,129282,129295,PERSON,1
914,"Tarrart,”she",129484,129496,PERSON,1
915,Jones?”is,129651,129660,PERSON,1
916,Tarrart,129762,129769,PERSON,1
917,Jones,130001,130006,PERSON,1
918,Quagget,130080,130087,PERSON,1
919,Roman,130121,130126,NORP,1
920,Roman,130262,130267,NORP,1
921,Tarrart,130315,130322,PERSON,1
922,Fruffles,130481,130489,PERSON,1
923,two,130581,130584,CARDINAL,1
924,Chumley Jones,130649,130662,PERSON,1
925,winter,130774,130780,DATE,1
926,Roman,130791,130796,NORP,1
927,Fruffles,130917,130925,PERSON,1
928,Fridays,130975,130982,DATE,1
929,Fruffles,131054,131062,PERSON,1
930,this afternoon,131197,131211,TIME,1
931,Roman,131233,131238,NORP,1
932,Friday,131342,131348,DATE,1
933,Chumley Jones,131434,131447,PERSON,1
934,Stephen Morgan Fruffles,131467,131490,PERSON,1
935,At Home,131505,131512,WORK_OF_ART,1
936,Fourth,131524,131530,ORDINAL,1
937,JOHN VANTINE,131532,131544,PERSON,1
938,JOHN VANTINE,131546,131558,PERSON,1
939,New York,131667,131675,GPE,1
940,Vantine,132117,132124,PERSON,1
941,New York,132448,132456,GPE,1
942,one,132504,132507,CARDINAL,1
943,ninety-nine,132842,132853,CARDINAL,1
944,a hundred,132865,132874,CARDINAL,1
945,John Vantine,132880,132892,PERSON,1
946,years,132997,133002,DATE,1
947,the morning,133161,133172,TIME,1
948,years,133249,133254,DATE,1
949,first,133268,133273,ORDINAL,1
950,Massachusetts,133540,133553,GPE,1
951,Vantine,133613,133620,NORP,1
952,half a dozen miles,133663,133681,QUANTITY,1
953,June morning,133721,133733,TIME,1
954,the day,133871,133878,DATE,1
955,John,133977,133981,PERSON,1
956,Eastern,134098,134105,NORP,1
957,Vantine,134346,134353,NORP,1
958,genuflections,134490,134503,PERSON,1
959,Vantine,134539,134546,NORP,1
960,some years,134905,134915,DATE,1
961,New York,135177,135185,GPE,1
962,Vantine,135261,135268,NORP,1
963,woodside,136019,136027,LOC,1
964,oriental,136040,136048,NORP,1
965,first,136334,136339,ORDINAL,1
966,John,136341,136345,PERSON,1
967,half,136381,136385,CARDINAL,1
968,June,136606,136610,DATE,1
969,forenoon,136611,136619,TIME,1
970,John,136914,136918,PERSON,1
971,first,137071,137076,ORDINAL,1
972,the Psychical Society,137301,137322,ORG,1
973,London,137327,137333,GPE,1
974,the Theosophical Society,137450,137474,ORG,1
975,London,137479,137485,GPE,1
976,Madras,137524,137530,GPE,1
977,one,137542,137545,CARDINAL,1
978,European,137639,137647,NORP,1
979,second,137935,137941,ORDINAL,1
980,Fifth Avenue,137966,137978,FAC,1
981,the elevated road,137986,138003,FAC,1
982,night,138023,138028,TIME,1
983,two or three feet square,138135,138159,QUANTITY,1
984,Twenty-third,138216,138228,CARDINAL,1
985,John,138245,138249,PERSON,1
986,oriental,138283,138291,NORP,1
987,a propitious hour,138461,138478,TIME,1
988,Great Master,138480,138492,WORK_OF_ART,1
989,Vantine,138537,138544,NORP,1
990,first,138548,138553,ORDINAL,1
991,John,138897,138901,PERSON,1
992,Great Mogul,139151,139162,WORK_OF_ART,1
993,John,139415,139419,PERSON,1
994,second,139732,139738,ORDINAL,1
995,Vantine,139751,139758,NORP,1
996,third,139825,139830,ORDINAL,1
997,Great Mogul,139845,139856,WORK_OF_ART,1
998,a hundred,140120,140129,CARDINAL,1
999,half,140240,140244,CARDINAL,1
1000,Eastern,140329,140336,NORP,1
1001,jack,140645,140649,PERSON,1
1002,Vantine,140830,140837,GPE,1
1003,John,140916,140920,PERSON,1
1004,about two months old,140932,140952,DATE,1
1005,John,140988,140992,PERSON,1
1006,one,141022,141025,CARDINAL,1
1007,first,141145,141150,ORDINAL,1
1008,Vantine,141162,141169,NORP,1
1009,John,141418,141422,PERSON,1
1010,oriental,141698,141706,NORP,1
1011,Vantine,141722,141729,NORP,1
1012,Great Master,141899,141911,WORK_OF_ART,1
1013,about half an hour,142218,142236,TIME,1
1014,Vantine,142263,142270,NORP,1
1015,Vantine,142435,142442,PERSON,1
1016,half,142542,142546,CARDINAL,1
1017,Vantine,142647,142654,PERSON,1
1018,John vainly,142850,142861,PERSON,1
1019,one winter,143099,143109,DATE,1
1020,six months old,143134,143148,DATE,1
1021,"Great Master,”it",143377,143393,WORK_OF_ART,1
1022,one,143850,143853,CARDINAL,1
1023,the night,144110,144119,TIME,1
1024,the following afternoon,144154,144177,TIME,1
1025,Boston,144206,144212,GPE,1
1026,Grand Central,144278,144291,FAC,1
1027,Great Mogul,144350,144361,WORK_OF_ART,1
1028,Vantine,144410,144417,NORP,1
1029,"Great Master,”the voice said,“they are beheading me",144608,144659,WORK_OF_ART,1
1030,Vantine,144707,144714,PERSON,1
1031,the Psychical Society,145050,145071,ORG,1
1032,half,145285,145289,CARDINAL,1
1033,New York,145298,145306,GPE,1
1034,Interlude Fourth,145389,145405,ORG,1
1035,E.,145491,145493,PERSON,1
1036,E. George,145545,145554,PERSON,1
1037,George,145556,145562,PERSON,1
1038,E.,145648,145650,PERSON,1
1039,E.,145899,145901,PERSON,1
1040,E.,145929,145931,PERSON,1
1041,E.,146004,146006,PERSON,1
1042,E.,146074,146076,PERSON,1
1043,E.,146276,146278,PERSON,1
1044,E.,146386,146388,PERSON,1
1045,George,146430,146436,PERSON,1
1046,Providence,146516,146526,GPE,1
1047,E.,146578,146580,PERSON,1
1048,George,146755,146761,PERSON,1
1049,E.,146891,146893,PERSON,1
1050,E.,147112,147114,PERSON,1
1051,three o'clock in the morning,147150,147178,TIME,1
1052,E.,147221,147223,PERSON,1
1053,E.,147446,147448,PERSON,1
1054,E.,147838,147840,PERSON,1
1055,E.,147980,147982,PERSON,1
1056,E.,148184,148186,PERSON,1
1057,George,148262,148268,PERSON,1
1058,George,148270,148276,PERSON,1
1059,George,148278,148284,PERSON,1
1060,E.,148290,148292,PERSON,1
1061,E.,148349,148351,PERSON,1
1062,E.,148411,148413,PERSON,1
1063,E.,148513,148515,PERSON,1
1064,George!,148574,148581,PERSON,1
1065,George,148582,148588,PERSON,1
1066,George,148672,148678,PERSON,1
1067,half,148753,148757,CARDINAL,1
1068,Fifth,148850,148855,ORDINAL,1
1069,MARCHETTE,148862,148871,ORG,1
1070,MARCHETTE,148878,148887,ORG,1
1071,half-past eleven,148896,148912,DATE,1
1072,July day,148922,148930,DATE,1
1073,Paris,148934,148939,GPE,1
1074,Salpetriere,149046,149057,FAC,1
1075,noon,149071,149075,TIME,1
1076,summer,149283,149289,DATE,1
1077,one,149301,149304,CARDINAL,1
1078,Jean Lommel,149621,149632,PERSON,1
1079,Salpetriere,149672,149683,PERSON,1
1080,an hour,150807,150814,TIME,1
1081,"Mere Marchette,”he",150816,150834,ORG,1
1082,an hour,150865,150872,TIME,1
1083,one,151335,151338,CARDINAL,1
1084,M. Lommel,151420,151429,PERSON,1
1085,“She,151458,151462,PERSON,1
1086,days,151494,151498,DATE,1
1087,"singular,”he",151556,151568,DATE,1
1088,Pierre,151834,151840,PERSON,1
1089,twelve,151872,151878,CARDINAL,1
1090,half-past,151891,151900,DATE,1
1091,Lommel,151913,151919,PERSON,1
1092,Salpetriere,152037,152048,PERSON,1
1093,Mere Marchette,152099,152113,PERSON,1
1094,one,152228,152231,CARDINAL,1
1095,Normandy,152338,152346,GPE,1
1096,Paris,152382,152387,GPE,1
1097,Pierre,152406,152412,PERSON,1
1098,sixteen years,152423,152436,DATE,1
1099,Pierre,152476,152482,PERSON,1
1100,Mere Marchette,152577,152591,ORG,1
1101,Normandy,152626,152634,GPE,1
1102,Paris,152668,152673,GPE,1
1103,Landes,152799,152805,ORG,1
1104,Mere Marchette,152933,152947,ORG,1
1105,Pierre,153183,153189,PERSON,1
1106,Pierre,153413,153419,PERSON,1
1107,two,153547,153550,CARDINAL,1
1108,Normandy,153636,153644,GPE,1
1109,Pierre,153918,153924,PERSON,1
1110,Normandy,154170,154178,GPE,1
1111,Paris,154221,154226,GPE,1
1112,daytime,154235,154242,TIME,1
1113,Marchette,154248,154257,PERSON,1
1114,charwoman,154281,154290,NORP,1
1115,Pierre,154298,154304,PERSON,1
1116,Rue M. le Prince,154385,154401,FAC,1
1117,Pierre,154439,154445,PERSON,1
1118,One evening,154662,154673,TIME,1
1119,Paris,155195,155200,GPE,1
1120,Parisian,155357,155365,NORP,1
1121,Pierre,155471,155477,PERSON,1
1122,Pierre,155685,155691,PERSON,1
1123,some days,155805,155814,DATE,1
1124,the sad hours of the evening,155863,155891,TIME,1
1125,Mere Marchette,155954,155968,PERSON,1
1126,one night,156015,156024,TIME,1
1127,Pierre,156025,156031,PERSON,1
1128,Mere Marchette,156601,156615,PERSON,1
1129,Pierre,156620,156626,PERSON,1
1130,Pierre,157130,157136,PERSON,1
1131,Pierre,157377,157383,PERSON,1
1132,eighteen,157388,157396,DATE,1
1133,Mere Marchette,157457,157471,PERSON,1
1134,Paris,157494,157499,GPE,1
1135,two years,157527,157536,DATE,1
1136,Pierre,157652,157658,PERSON,1
1137,July noon,157685,157694,TIME,1
1138,Salpetriere,157732,157743,FAC,1
1139,Paris,157755,157760,GPE,1
1140,Pierre,157930,157936,PERSON,1
1141,two years,158024,158033,DATE,1
1142,eighty,158244,158250,DATE,1
1143,Pierre,158297,158303,PERSON,1
1144,Paris,158398,158403,GPE,1
1145,Pierre,158447,158453,PERSON,1
1146,the end of two years,158512,158532,DATE,1
1147,Norman,158577,158583,PERSON,1
1148,charwoman,158764,158773,NORP,1
1149,Jean Lommel 's,158791,158805,PERSON,1
1150,Salpetriere,158911,158922,PERSON,1
1151,Lommel,159728,159734,PERSON,1
1152,weeks,159953,159958,DATE,1
1153,days,159979,159983,DATE,1
1154,hours,159997,160002,TIME,1
1155,Pierre,160079,160085,PERSON,1
1156,Algiers,160253,160260,GPE,1
1157,Mere Marchette,160463,160477,ORG,1
1158,Pierre,160553,160559,PERSON,1
1159,Pierre,160762,160768,PERSON,1
1160,July noon,160798,160807,TIME,1
1161,Pierre,160837,160843,PERSON,1
1162,Paris,160866,160871,GPE,1
1163,the last decade,161236,161251,DATE,1
1164,Salpetriere,161293,161304,PRODUCT,1
1165,M. Charcot,161369,161379,PERSON,1
1166,the school of the Salpetriere,161390,161419,ORG,1
1167,first,161491,161496,ORDINAL,1
1168,the Academy of Sciences,161656,161679,ORG,1
1169,first,161694,161699,ORDINAL,1
1170,Charles Fere,161753,161765,PERSON,1
1171,Salpetriere,161797,161808,FAC,1
1172,Bourneville,161823,161834,PERSON,1
1173,Salpetriere,162083,162094,PRODUCT,1
1174,M. Charcot,162372,162382,PERSON,1
1175,Lommel,163605,163611,PERSON,1
1176,Orient,163759,163765,LOC,1
1177,Mere Marchette,163849,163863,NORP,1
1178,Lommel,164196,164202,PERSON,1
1179,two,164326,164329,CARDINAL,1
1180,Mere Marchette,164445,164459,PERSON,1
1181,Mere Marchette,164657,164671,ORG,1
1182,Salpetriere,164906,164917,PRODUCT,1
1183,over half,165064,165073,CARDINAL,1
1184,Europe,165077,165083,LOC,1
1185,daily,165291,165296,DATE,1
1186,a few minutes after twelve o'clock,165355,165389,TIME,1
1187,Lommel,165399,165405,PERSON,1
1188,Marchette,165431,165440,PERSON,1
1189,"Mere Marchette,”he said;“there",165619,165649,ORG,1
1190,some minutes,165660,165672,TIME,1
1191,some minutes,165823,165835,TIME,1
1192,Norman,166022,166028,PERSON,1
1193,Pierre,166193,166199,PERSON,1
1194,Paris,166245,166250,GPE,1
1195,Lommel,166733,166739,PERSON,1
1196,Marchette,166768,166777,PERSON,1
1197,Marchette,166930,166939,PERSON,1
1198,Pierre,167126,167132,PERSON,1
1199,five minutes,167197,167209,TIME,1
1200,Five minutes,167689,167701,TIME,1
1201,ten,167710,167713,CARDINAL,1
1202,fifteen,167715,167722,CARDINAL,1
1203,Victor,167954,167960,PERSON,1
1204,the still afternoon,168168,168187,TIME,1
1205,Marchette,168229,168238,PERSON,1
1206,"calm,”Lommel",168302,168314,PERSON,1
1207,Lommel,168446,168452,PERSON,1
1208,first,168534,168539,ORDINAL,1
1209,Victor,168603,168609,PERSON,1
1210,"Victor,”Jean",168668,168680,PERSON,1
1211,Pierre,168744,168750,PERSON,1
1212,Lommel,168861,168867,PERSON,1
1213,de Brue,168901,168908,PERSON,1
1214,Pierre,168995,169001,PERSON,1
1215,Pierre,169056,169062,PERSON,1
1216,M. de Brue,169107,169117,PERSON,1
1217,Lommel,169211,169217,PERSON,1
1218,Marchette,169320,169329,PERSON,1
1219,"her,”Victor",169346,169357,ORG,1
1220,"“M. le Docteur,”she",169551,169570,PERSON,1
1221,Mere Marchette,169618,169632,NORP,1
1222,Pierre,169896,169902,PERSON,1
1223,Victor,169940,169946,PERSON,1
1224,Marchette,170119,170128,PERSON,1
1225,weeks,170238,170243,DATE,1
1226,Pierre,170688,170694,PERSON,1
1227,Marchette,170949,170958,PERSON,1
1228,Pierre,171047,171053,PERSON,1
1229,Pierre,171234,171240,PERSON,1
1230,Pierre,171322,171328,PERSON,1
1231,"Now,”he",171420,171427,ORG,1
1232,Victor,171491,171497,PERSON,1
1233,M. Charcot,171581,171591,PERSON,1
1234,yesterday,171598,171607,DATE,1
1235,one,171650,171653,CARDINAL,1
1236,Pierre,171714,171720,PERSON,1
1237,"cannot,”he",171790,171800,PRODUCT,1
1238,"must,”Lommel",171817,171829,PERSON,1
1239,Jean,171907,171911,PERSON,1
1240,Victor,171916,171922,PERSON,1
1241,half,172329,172333,CARDINAL,1
1242,half,172343,172347,CARDINAL,1
1243,Mere Marchette,172376,172390,PERSON,1
1244,Victor,172394,172400,PRODUCT,1
1245,Marchette,172708,172717,NORP,1
1246,years,173212,173217,DATE,1
1247,holden,173292,173298,PERSON,1
1248,Pierre,173391,173397,PERSON,1
1249,"Ah,”she",173400,173407,ORG,1
1250,Victor,173809,173815,PERSON,1
1251,Lommel,174049,174055,PERSON,1
1252,noon,174317,174321,TIME,1
1253,Lommel,174478,174484,PERSON,1
1254,Victor,174797,174803,PERSON,1
1255,Victor,174918,174924,PERSON,1
1256,"Promise me,”she",174981,174996,WORK_OF_ART,1
1257,"promise,”he",175073,175084,PERSON,1
1258,Victor,175246,175252,PERSON,1
1259,Lommel,175357,175363,PERSON,1
1260,Victor,175365,175371,PERSON,1
1261,Interlude Fifth,175671,175686,ORG,1
1262,Romeo,175760,175765,ORG,1
1263,Juliet,175770,175776,EVENT,1
1264,2,175782,175783,CARDINAL,1
1265,Alice,175785,175790,PERSON,1
1266,half,175831,175835,CARDINAL,1
1267,Fanny,175860,175865,PERSON,1
1268,Fresco,175921,175927,PERSON,1
1269,Jack,175954,175958,PERSON,1
1270,Ella,176087,176091,PERSON,1
1271,Kate West 's,176337,176349,GPE,1
1272,german,176350,176356,NORP,1
1273,morrow,176531,176537,DATE,1
1274,Jack,176618,176622,PERSON,1
1275,Christmas,176756,176765,DATE,1
1276,morrow,176991,176997,DATE,1
1277,Tom Jones,177039,177048,PERSON,1
1278,Sophia Weston,177061,177074,PERSON,1
1279,Saturday,177094,177102,DATE,1
1280,night,177103,177108,TIME,1
1281,Ethel Mott,177157,177167,PERSON,1
1282,this morning,177176,177188,TIME,1
1283,Frank,177275,177280,PERSON,1
1284,Sophia,177334,177340,PERSON,1
1285,Lent,177380,177384,ORG,1
1286,F. Will,177829,177836,PERSON,1
1287,Kisses,177962,177968,PERSON,1
1288,A. Good-bye,177976,177987,PERSON,1
1289,Clara Martin 's,178052,178067,PERSON,1
1290,Jack,178257,178261,PERSON,1
1291,Clarence Key,178358,178370,PERSON,1
1292,Kate West,178437,178446,PERSON,1
1293,Westons,178454,178461,FAC,1
1294,Kate,178580,178584,PERSON,1
1295,Clarence Key,178764,178776,PERSON,1
1296,Alice,178970,178975,PERSON,1
1297,Blanche,179122,179129,PERSON,1
1298,F. Ugh,179210,179216,PERSON,1
1299,Ethel Mott 's,179293,179306,PERSON,1
1300,this morning,179307,179319,TIME,1
1301,Claytons,179430,179438,PERSON,1
1302,New York,179656,179664,GPE,1
1303,last winter,179665,179676,DATE,1
1304,Aunt Alicia,179891,179902,PERSON,1
1305,New York,180005,180013,GPE,1
1306,F. Will,180108,180115,PERSON,1
1307,morrow,180171,180177,DATE,1
1308,Fresco,180307,180313,PERSON,1
1309,the other day,180388,180401,DATE,1
1310,Jack,180568,180572,PERSON,1
1311,A. Ethel Mott,180650,180663,PERSON,1
1312,Uncle Calvin,181066,181078,PERSON,1
1313,the other night,181079,181094,TIME,1
1314,China,181136,181141,GPE,1
1315,Ethel Mott,181605,181615,PERSON,1
1316,Kate West,181643,181652,GPE,1
1317,all winter,181676,181686,DATE,1
1318,West Point,181697,181707,NORP,1
1319,Newport,181725,181732,GPE,1
1320,last summer,181733,181744,DATE,1
1321,Alice Langley,181769,181782,PERSON,1
1322,A. Ethel,181800,181808,PERSON,1
1323,George Maynard,181911,181925,PERSON,1
1324,Kate,182046,182050,PERSON,1
1325,Ethel,182177,182182,PERSON,1
1326,two,182211,182214,CARDINAL,1
1327,Two,182234,182237,CARDINAL,1
1328,Two,182250,182253,CARDINAL,1
1329,one week,182269,182277,DATE,1
1330,Ethel,182295,182300,PERSON,1
1331,german,182435,182441,NORP,1
1332,George,182447,182453,PERSON,1
1333,Wentworths,182461,182471,ORG,1
1334,next week,182474,182483,DATE,1
1335,Kate West,182526,182535,PERSON,1
1336,one,182845,182848,CARDINAL,1
1337,Fido,182951,182955,PERSON,1
1338,as much as a year,183331,183348,DATE,1
1339,F. Good-bye,183499,183510,PERSON,1
1340,morrow,183532,183538,DATE,1
1341,Greenland,183898,183907,GPE,1
1342,A. Good-bye,183948,183959,PERSON,1
1343,Ethel Mott,184020,184030,PERSON,1
1344,the Whist Club,184285,184299,ORG,1
1345,Fremont,184355,184362,PERSON,1
1346,the Whist Club,184374,184388,ORG,1
1347,the Whist Club,184421,184435,ORG,1
1348,Van Bruch,184654,184663,PERSON,1
1349,Fremont,184702,184709,PERSON,1
1350,F. Good,184747,184754,PERSON,1
1351,Graham,184776,184782,PERSON,1
1352,Vaughns,184808,184815,ORG,1
1353,F. Good-bye,184910,184921,PERSON,1
1354,Jane,184934,184938,PERSON,1
1355,F. Good-bye,185332,185343,PERSON,1
1356,Sixth,185379,185384,ORDINAL,1
1357,Barum West,185442,185452,LOC,1
1358,one,185539,185542,CARDINAL,1
1359,afternoon,185776,185785,TIME,1
1360,winter,186551,186557,DATE,1
1361,one,186621,186624,CARDINAL,1
1362,West,186681,186685,LOC,1
1363,West,187195,187199,LOC,1
1364,years,187249,187254,DATE,1
1365,a couple of years,187769,187786,DATE,1
1366,Earl,188035,188039,PERSON,1
1367,Dene,188043,188047,PERSON,1
1368,Mademoiselle,188132,188144,GPE,1
1369,Mozart,188171,188177,PERSON,1
1370,Moretti,188192,188199,PERSON,1
1371,Mademoiselle,188286,188298,GPE,1
1372,West,188485,188489,LOC,1
1373,seven days earlier,189063,189081,DATE,1
1374,February,189245,189253,DATE,1
1375,Octave,189513,189519,CARDINAL,1
1376,Feuillet,189520,189528,ORG,1
1377,‘ Ce n'est donc pas un vain mot,189640,189671,WORK_OF_ART,1
1378,Il y,189800,189804,ORG,1
1379,three,189867,189872,CARDINAL,1
1380,one,190208,190211,CARDINAL,1
1381,evening,190680,190687,TIME,1
1382,West,190831,190835,LOC,1
1383,Chicago,191616,191623,GPE,1
1384,two hundred thousand dollars,191633,191661,MONEY,1
1385,Barum West,191665,191675,LOC,1
1386,a thousand,192170,192180,CARDINAL,1
1387,All that night,192189,192203,TIME,1
1388,half,192263,192267,CARDINAL,1
1389,Barum West 's,192300,192313,LOC,1
1390,West,192972,192976,LOC,1
1391,legatee,193214,193221,ORG,1
1392,the following evening,193409,193430,TIME,1
1393,West,193451,193455,LOC,1
1394,Barum West 's,193829,193842,LOC,1
1395,two hundred thousand dollars,193952,193980,MONEY,1
1396,evening,194349,194356,TIME,1
1397,200,194599,194602,MONEY,1
1398,over $ 11,195087,195096,MONEY,1
1399,that night,195449,195459,TIME,1
1400,the next day,195504,195516,DATE,1
1401,twenty-five per cent,195529,195549,MONEY,1
1402,West,195591,195595,LOC,1
1403,half,195620,195624,CARDINAL,1
1404,third,195695,195700,ORDINAL,1
1405,about $ 40,195721,195731,MONEY,1
1406,this evening,196044,196056,TIME,1
1407,second,196495,196501,ORDINAL,1
1408,days,196891,196895,DATE,1
1409,a week,197400,197406,DATE,1
1410,hours,197686,197691,TIME,1
1411,Saturday,197862,197870,DATE,1
1412,night,197871,197876,TIME,1
1413,his week,197902,197910,DATE,1
1414,only eight days,198002,198017,DATE,1
1415,the day,198093,198100,DATE,1
1416,the past week,198230,198243,DATE,1
1417,his week,198689,198697,DATE,1
1418,one,199444,199447,CARDINAL,1
1419,Sunday,199971,199977,DATE,1
1420,the next evening,200166,200182,TIME,1
1421,West,200189,200193,LOC,1
1422,Sunday,200203,200209,DATE,1
1423,the financial article,200254,200275,LAW,1
1424,thousands,200355,200364,CARDINAL,1
1425,week,200414,200418,DATE,1
1426,Sunday,200468,200474,DATE,1
1427,evening,200475,200482,TIME,1
1428,one,200516,200519,CARDINAL,1
1429,Monday morning,200593,200607,TIME,1
1430,West,200999,201003,LOC,1
1431,some $ 70,201110,201119,MONEY,1
1432,Monday,201134,201140,DATE,1
1433,second,201373,201379,ORDINAL,1
1434,Tuesday,201488,201495,DATE,1
1435,the past week,201792,201805,DATE,1
1436,Tuesday,201909,201916,DATE,1
1437,evening,201917,201924,TIME,1
1438,that day,202091,202099,DATE,1
1439,that day,202363,202371,DATE,1
1440,one,202733,202736,CARDINAL,1
1441,seven or eight hundred dollars,202978,203008,MONEY,1
1442,February,203143,203151,DATE,1
1443,night,203175,203180,TIME,1
1444,far past the hour,203195,203212,TIME,1
1445,evening,203880,203887,TIME,1
1446,evening,204167,204174,TIME,1
1447,one,204328,204331,CARDINAL,1
1448,ten days before now,204568,204587,DATE,1
1449,200,204654,204657,MONEY,1
1450,Barum West,204686,204696,LOC,1
1451,Richard Granger,204700,204715,PERSON,1
1452,Chicago,204720,204727,GPE,1
1453,second,204757,204763,ORDINAL,1
1454,Harvard College,204805,204820,ORG,1
1455,Barum West,204822,204832,LOC,1
1456,only five days,205437,205451,DATE,1
1457,Jove!”he,205865,205873,DATE,1
1458,winter,206000,206006,DATE,1
1459,A Speculator in Air,206009,206028,WORK_OF_ART,1
1460,Barum West,206045,206055,LOC,1
1461,Sixth,206234,206239,ORDINAL,1
1462,2,206314,206315,CARDINAL,1
1463,30 P. M.,206317,206325,QUANTITY,1
1464,Gilflora Smithe,206370,206385,PERSON,1
1465,3,206390,206391,CARDINAL,1
1466,the hour,206403,206411,TIME,1
1467,Araminta Sharp,206680,206694,PERSON,1
1468,"Monday, April 7",206761,206776,DATE,1
1469,Thursday,206936,206944,DATE,1
1470,that day,206949,206957,DATE,1
1471,Percy Browne,207011,207023,PERSON,1
1472,the Art Department,207079,207097,ORG,1
1473,Browne,207116,207122,PERSON,1
1474,Miss Keene,207467,207477,PERSON,1
1475,Keene,207709,207714,PERSON,1
1476,Gray,207759,207763,PERSON,1
1477,Boston,207810,207816,GPE,1
1478,Boston,207833,207839,GPE,1
1479,"me,”spoke",208109,208118,ORG,1
1480,Sharp,208127,208132,PERSON,1
1481,Boston,208147,208153,GPE,1
1482,the 20th of April,208310,208327,DATE,1
1483,second,208333,208339,ORDINAL,1
1484,Snob,208375,208379,PERSON,1
1485,the 20th of April,208485,208502,DATE,1
1486,Percy,208676,208681,PERSON,1
1487,half,208708,208712,CARDINAL,1
1488,the 30th,208779,208787,DATE,1
1489,Second,208791,208797,ORDINAL,1
1490,Smithe,208883,208889,PERSON,1
1491,the 30th,208931,208939,DATE,1
1492,Sharp,209086,209091,PERSON,1
1493,Keene,209221,209226,PERSON,1
1494,20th,209280,209284,ORDINAL,1
1495,Sunday,209288,209294,DATE,1
1496,Sampson Hoyt,209328,209340,PERSON,1
1497,Sharp,209418,209423,ORG,1
1498,the 25th,209542,209550,DATE,1
1499,the date April 25th,209733,209752,DATE,1
1500,"Keene,”said",210042,210053,PERSON,1
1501,Browne,210059,210065,PERSON,1
1502,"Second the motion,”Miss Snob",210116,210144,WORK_OF_ART,1
1503,Keene,210179,210184,PERSON,1
1504,Smithe,210232,210238,PERSON,1
1505,Hoyt,210275,210279,PERSON,1
1506,Crowler,210286,210293,PERSON,1
1507,Henderson,210300,210309,PERSON,1
1508,Lowell,210320,210326,PERSON,1
1509,three,210349,210354,CARDINAL,1
1510,Sharp,210387,210392,PERSON,1
1511,Smithe,210450,210456,PERSON,1
1512,dismay;“I,210461,210470,GPE,1
1513,Sharp,210509,210514,PERSON,1
1514,some one,210710,210718,CARDINAL,1
1515,four,210726,210730,CARDINAL,1
1516,one,210785,210788,CARDINAL,1
1517,Henderson,210977,210986,PERSON,1
1518,Bangor,211111,211117,GPE,1
1519,Friday,211263,211269,DATE,1
1520,a good day,211273,211283,DATE,1
1521,Lowell,211310,211316,PERSON,1
1522,25th,211349,211353,ORDINAL,1
1523,Friday,211357,211363,DATE,1
1524,half a dozen,211406,211418,CARDINAL,1
1525,only one,211593,211601,CARDINAL,1
1526,Sampson Hoyt,211724,211736,PERSON,1
1527,"question,”she",211812,211825,PERSON,1
1528,second,211956,211962,ORDINAL,1
1529,Smithe,211996,212002,PERSON,1
1530,Hoyt,212096,212100,PERSON,1
1531,one,212126,212129,CARDINAL,1
1532,the State Legislature,212191,212212,ORG,1
1533,Yes?”Mrs,212295,212303,PERSON,1
1534,Smithe,212305,212311,PERSON,1
1535,"beginning,”Mrs",212381,212395,ORG,1
1536,Hoyt,212397,212401,PERSON,1
1537,Sharp,212571,212576,PERSON,1
1538,"question,”Mrs",212653,212666,DATE,1
1539,Smithe,212668,212674,PERSON,1
1540,"case,”Mrs",212793,212802,DATE,1
1541,Hoyt,212804,212808,ORG,1
1542,the committee of arrangements stand,212869,212904,ORG,1
1543,"of,”whispered",212929,212942,ORG,1
1544,Crowler,212948,212955,PERSON,1
1545,Sharp,213003,213008,PERSON,1
1546,one,213212,213215,CARDINAL,1
1547,Hoyt,213263,213267,PERSON,1
1548,‘ Pole 's Manual,213778,213794,WORK_OF_ART,1
1549,Sharp,213809,213814,PERSON,1
1550,Pole,213929,213933,LOC,1
1551,"me,”observed",214101,214113,PERSON,1
1552,Henderson,214119,214128,PERSON,1
1553,one year,214168,214176,DATE,1
1554,Rosedale,214233,214241,GPE,1
1555,this winter,214242,214253,DATE,1
1556,June,214324,214328,DATE,1
1557,Second,214409,214415,ORDINAL,1
1558,Browne,214659,214665,PERSON,1
1559,Snob,214776,214780,PERSON,1
1560,Crowler,215101,215108,PERSON,1
1561,only three,215337,215347,CARDINAL,1
1562,Henderson,215386,215395,PERSON,1
1563,Lowell,215416,215422,PERSON,1
1564,Hoyt,215451,215455,PERSON,1
1565,Keene,215553,215558,PERSON,1
1566,the day,215653,215660,DATE,1
1567,Sampson Hoyt,215723,215735,PERSON,1
1568,Sharp,216008,216013,PRODUCT,1
1569,ten minutes,216050,216061,TIME,1
1570,six,216065,216068,CARDINAL,1
1571,the hour,216111,216119,TIME,1
1572,next day,216226,216234,DATE,1
1573,Seventh,216603,216610,ORDINAL,1
1574,Ruth Welch,216699,216709,PERSON,1
1575,September,216764,216773,DATE,1
1576,Saturday,216818,216826,DATE,1
1577,evening,216827,216834,TIME,1
1578,Atlantic,217078,217086,LOC,1
1579,Welch,217319,217324,PERSON,1
1580,rhodora,217543,217550,PERSON,1
1581,kalmia,217559,217565,PERSON,1
1582,one,217733,217736,CARDINAL,1
1583,midsummer,217879,217888,DATE,1
1584,autumn,217926,217932,DATE,1
1585,the winter,217972,217982,DATE,1
1586,March,218048,218053,DATE,1
1587,All these long months,218122,218143,DATE,1
1588,one,218659,218662,CARDINAL,1
1589,Welch,219289,219294,PERSON,1
1590,half,219336,219340,CARDINAL,1
1591,Welch,219992,219997,PERSON,1
1592,Ruth,220188,220192,PERSON,1
1593,Bethiah,220335,220342,PERSON,1
1594,Bethiah Welch,220554,220567,PERSON,1
1595,houseleeks,220617,220627,PERSON,1
1596,a few months,220717,220729,DATE,1
1597,ten miles,220766,220775,QUANTITY,1
1598,Welches,220842,220849,PERSON,1
1599,Ruth,220937,220941,PERSON,1
1600,the red house,221097,221110,FAC,1
1601,Ruth,221340,221344,PERSON,1
1602,all night,221872,221881,TIME,1
1603,every night,221891,221902,TIME,1
1604,Ruth,222078,222082,PERSON,1
1605,nineteen,222086,222094,DATE,1
1606,nineteen,222110,222118,DATE,1
1607,Bethiah,222320,222327,GPE,1
1608,one sunny morning,222643,222660,TIME,1
1609,September,222669,222678,DATE,1
1610,those years,222818,222829,DATE,1
1611,the Gulf of Maine,223088,223105,LOC,1
1612,Welch,223149,223154,PERSON,1
1613,those days,223180,223190,DATE,1
1614,Ruth,223234,223238,PERSON,1
1615,Bethiah,223243,223250,PERSON,1
1616,half,223445,223449,CARDINAL,1
1617,Ruth,223547,223551,PERSON,1
1618,sameness?”he,224162,224174,ORG,1
1619,"no,”Ruth",224264,224272,DATE,1
1620,Ruth,224503,224507,PERSON,1
1621,Bethiah,224667,224674,GPE,1
1622,Ruth,224720,224724,PERSON,1
1623,"cheeks,”he",225457,225467,PERSON,1
1624,"well,”he",225828,225836,PERSON,1
1625,Ruth,226039,226043,PERSON,1
1626,two,226128,226131,CARDINAL,1
1627,This September day,227006,227024,DATE,1
1628,Ruth,227082,227086,PERSON,1
1629,rhodora,227361,227368,PERSON,1
1630,suns,227536,227540,ORG,1
1631,summer,227544,227550,DATE,1
1632,the year,227569,227577,DATE,1
1633,Ruth,227803,227807,PERSON,1
1634,Welch,228721,228726,PERSON,1
1635,Bethiah,228731,228738,PERSON,1
1636,between twenty and thirty,229375,229400,DATE,1
1637,these years,229597,229608,DATE,1
1638,Ruth,229682,229686,PERSON,1
1639,Welch,229918,229923,PERSON,1
1640,James,229986,229991,PERSON,1
1641,twelve hours,230220,230232,TIME,1
1642,first,230549,230554,ORDINAL,1
1643,two,230608,230611,CARDINAL,1
1644,one,230629,230632,CARDINAL,1
1645,one,230645,230648,CARDINAL,1
1646,Ruth,230780,230784,PERSON,1
1647,half,230818,230822,CARDINAL,1
1648,the red house,230953,230966,ORG,1
1649,the years,231232,231241,DATE,1
1650,rhodora,231284,231291,PERSON,1
1651,one,231322,231325,CARDINAL,1
1652,bush,231326,231330,PERSON,1
1653,mountain-laurel,231334,231349,GPE,1
1654,heath,231397,231402,PERSON,1
1655,Ruth,231502,231506,PERSON,1
1656,the red house,231571,231584,ORG,1
1657,Egyptian,231624,231632,NORP,1
1658,the Lake of the Dead,231644,231664,LOC,1
1659,Bethiah,231711,231718,GPE,1
1660,Ruth,231720,231724,PERSON,1
1661,one,231870,231873,CARDINAL,1
1662,fifty,231991,231996,CARDINAL,1
1663,the red house,232167,232180,FAC,1
1664,Ruth,232182,232186,PERSON,1
1665,spring,233081,233087,DATE,1
1666,the years,233731,233740,DATE,1
1667,Ruth,233749,233753,PERSON,1
1668,Sunday,233894,233900,DATE,1
1669,morning,233901,233908,TIME,1
1670,the red house,233937,233950,FAC,1
1671,winter,234027,234033,DATE,1
1672,half,234053,234057,CARDINAL,1
1673,Ruth,234189,234193,PERSON,1
1674,September,234233,234242,DATE,1
1675,heath,234349,234354,PERSON,1
1676,night,235009,235014,TIME,1
1677,the sunny day,235339,235352,DATE,1
1678,Placid,235410,235416,ORG,1
1679,half a century ago,235595,235613,DATE,1
1680,one,235649,235652,CARDINAL,1
1681,tomorrow,236229,236237,DATE,1
1682,Sarah,236479,236484,PERSON,1
1683,Sarah,236692,236697,PERSON,1
1684,Saturday,237055,237063,DATE,1
1685,Ruth,237383,237387,PERSON,1
1686,the night,237749,237758,TIME,1
1687,afternoon,237771,237780,TIME,1
1688,the red house,237831,237844,ORG,1
1689,more than twelve hours,238149,238171,TIME,1
1690,Seventh,238320,238327,ORDINAL,1
1691,THIRTEEN,238329,238337,CARDINAL,1
1692,THIRTEEN,238339,238347,CARDINAL,1
1693,Potts,238353,238358,PERSON,1
1694,next week,238431,238440,DATE,1
1695,a few days,238446,238456,DATE,1
1696,Jane,238510,238514,PERSON,1
1697,Thompson,238520,238528,PERSON,1
1698,Thompson,238624,238632,PERSON,1
1699,Uncle Sylvanus,238652,238666,PERSON,1
1700,T.,238767,238769,PERSON,1
1701,T. Sylvanus,238827,238838,PERSON,1
1702,T. Oh,238896,238901,PERSON,1
1703,about a dozen,238903,238916,CARDINAL,1
1704,T.,238934,238936,PERSON,1
1705,thirteen,238962,238970,CARDINAL,1
1706,Sylvanus,238972,238980,PERSON,1
1707,thirteen,238982,238990,CARDINAL,1
1708,T.,238996,238998,PERSON,1
1709,T.,239022,239024,PERSON,1
1710,thirteen,239077,239085,CARDINAL,1
1711,Maria Smith,239096,239107,PERSON,1
1712,T.,239140,239142,PERSON,1
1713,T. Mr. Thompson,239207,239222,PERSON,1
1714,T.,239281,239283,PERSON,1
1715,Maria,239298,239303,PERSON,1
1716,Uncle Sylvanus,239335,239349,PERSON,1
1717,T.,239482,239484,PERSON,1
1718,T. Ah,239701,239706,PERSON,1
1719,Jones,239746,239751,PERSON,1
1720,Jones,239806,239811,PERSON,1
1721,Smith,239887,239892,PERSON,1
1722,Jones,239941,239946,PERSON,1
1723,J.,239952,239954,PERSON,1
1724,Smith,239993,239998,PERSON,1
1725,P.,240071,240073,PERSON,1
1726,T.,240233,240235,PERSON,1
1727,Uncle Potts,240325,240336,PERSON,1
1728,Robinson,240386,240394,PERSON,1
1729,R.,240476,240478,PERSON,1
1730,Thompson,240492,240500,PERSON,1
1731,T.,240632,240634,PERSON,1
1732,Robinson,240643,240651,PERSON,1
1733,T.,240706,240708,PERSON,1
1734,Brown,240736,240741,PERSON,1
1735,S.,240748,240750,PERSON,1
1736,Robinson,240788,240796,PERSON,1
1737,thirteen,240832,240840,CARDINAL,1
1738,J.,240852,240854,PERSON,1
1739,Thompson,240927,240935,PERSON,1
1740,thirteenth,241032,241042,ORDINAL,1
1741,T.,241077,241079,PERSON,1
1742,T.,241115,241117,PERSON,1
1743,Jones,241170,241175,PERSON,1
1744,J.,241243,241245,PERSON,1
1745,evening,241274,241281,TIME,1
1746,Thompson,241288,241296,PERSON,1
1747,evening,241370,241377,TIME,1
1748,R.,241383,241385,PERSON,1
1749,Brown,241634,241639,PERSON,1
1750,Thompson,241645,241653,PERSON,1
1751,thirteen,241698,241706,CARDINAL,1
1752,second,241735,241741,ORDINAL,1
1753,thirteen,241852,241860,CARDINAL,1
1754,T.,241896,241898,PERSON,1
1755,T.,241935,241937,PERSON,1
1756,Ellis,242023,242028,PERSON,1
1757,P. Well,242086,242093,PERSON,1
1758,T. Oh,242177,242182,PERSON,1
1759,Brown,242202,242207,PERSON,1
1760,thirteen,242230,242238,CARDINAL,1
1761,P. Thirteen,242287,242298,PERSON,1
1762,thirteen,242305,242313,CARDINAL,1
1763,Eighth,242392,242398,ORDINAL,1
1764,APRIL,242400,242405,DATE,1
1765,APRIL,242415,242420,DATE,1
1766,the “Dark Red” magazine first,242471,242500,ORG,1
1767,one,242556,242559,CARDINAL,1
1768,the “Dark Red”,243671,243685,ORG,1
1769,New York,243805,243813,GPE,1
1770,Boston,243818,243824,GPE,1
1771,the Grand Central Station,243994,244019,FAC,1
1772,morning,244046,244053,TIME,1
1773,first,244203,244208,ORDINAL,1
1774,New York,244240,244248,GPE,1
1775,Gotham,244331,244337,FAC,1
1776,Boston,244437,244443,GPE,1
1777,April day,244534,244543,DATE,1
1778,the Century Club,244634,244650,ORG,1
1779,the previous evening,244654,244674,TIME,1
1780,French,244883,244889,NORP,1
1781,second,245026,245032,ORDINAL,1
1782,first,245056,245061,ORDINAL,1
1783,first,245192,245197,ORDINAL,1
1784,French,245348,245354,NORP,1
1785,April,245715,245720,DATE,1
1786,May.,245749,245753,PERSON,1
1787,first,245915,245920,ORDINAL,1
1788,second,245956,245962,ORDINAL,1
1789,April,246088,246093,DATE,1
1790,April,246105,246110,DATE,1
1791,dwelt,246335,246340,PERSON,1
1792,April,246510,246515,DATE,1
1793,some day,246933,246941,DATE,1
1794,April 's Lady,247746,247759,WORK_OF_ART,1
1795,some weeks,247798,247808,DATE,1
1796,Boston,248049,248055,GPE,1
1797,half,248167,248171,CARDINAL,1
1798,April,248483,248488,DATE,1
1799,month,248545,248550,DATE,1
1800,two,248554,248557,CARDINAL,1
1801,first,248575,248580,ORDINAL,1
1802,Lane,248708,248712,PERSON,1
1803,the “Dark Red,248728,248741,ORG,1
1804,one morning,248835,248846,TIME,1
1805,OFFICE DARK RED MAGAZINE,249065,249089,ORG,1
1806,BOSTON,249091,249097,GPE,1
1807,September 27,249099,249111,DATE,1
1808,GRAY,249125,249129,PERSON,1
1809,about noon,249170,249180,TIME,1
1810,April,249247,249252,DATE,1
1811,several days earlier,249291,249311,DATE,1
1812,J. Q. LANE,249374,249384,PERSON,1
1813,first,249620,249625,ORDINAL,1
1814,the hour,250158,250166,TIME,1
1815,Lane,250385,250389,PERSON,1
1816,May,251587,251590,DATE,1
1817,"me,“she",251729,251736,ORG,1
1818,Swinburne,251856,251865,GPE,1
1819,April,252029,252034,DATE,1
1820,May.,252063,252067,PERSON,1
1821,first,252263,252268,ORDINAL,1
1822,Lane,252452,252456,PERSON,1
1823,first,252638,252643,ORDINAL,1
1824,Agnes Graham,252672,252684,PERSON,1
1825,Lane,252697,252701,PERSON,1
1826,half,253148,253152,CARDINAL,1
1827,two,253310,253313,CARDINAL,1
1828,half,253328,253332,CARDINAL,1
1829,New York,253507,253515,GPE,1
1830,April day,253524,253533,DATE,1
1831,Lane,253571,253575,PERSON,1
1832,Good heavens!”I,254089,254104,WORK_OF_ART,1
1833,Lane,254247,254251,PERSON,1
1834,Graham,254270,254276,PERSON,1
1835,Graham,254389,254395,PERSON,1
1836,New York,254483,254491,GPE,1
1837,morning,254499,254506,TIME,1
1838,Wednesday,254516,254525,DATE,1
1839,the fifteenth,254527,254540,DATE,1
1840,the sixteenth of last April,254547,254574,DATE,1
1841,"Yes,”she",254591,254599,PERSON,1
1842,Swinburne,254751,254760,PERSON,1
1843,April,254802,254807,DATE,1
1844,May,254836,254839,DATE,1
1845,April,254900,254905,DATE,1
1846,"Yes,”she",254928,254936,PERSON,1
1847,Lane,255004,255008,PERSON,1
1848,"Boston,”I",255143,255152,GPE,1
1849,May.,255338,255342,PERSON,1
1850,"No,”Miss Graham",255347,255362,PERSON,1
1851,Graham,255746,255752,PERSON,1
1852,Corsican,255987,255995,NORP,1
1853,Graham,256195,256201,PERSON,1
1854,first,256247,256252,ORDINAL,1
1855,Graham,256378,256384,PERSON,1
1856,Lane,256430,256434,PERSON,1
1857,"Gray,”she",256587,256596,PERSON,1
1858,first,256618,256623,ORDINAL,1
1859,the ‘ Dark Red,256667,256681,WORK_OF_ART,1
1860,second,256696,256702,ORDINAL,1
1861,first,256999,257004,ORDINAL,1
1862,Lane,257026,257030,PERSON,1
1863,Graham,257144,257150,PERSON,1
1864,Lane,257381,257385,PERSON,1
1865,"Really,”Mr",257451,257461,PERSON,1
1866,Lane,257463,257467,ORG,1
1867,Graham,257726,257732,PERSON,1
1868,Gray,257761,257765,PERSON,1
1869,first,257914,257919,ORDINAL,1
1870,"comment,“has",258285,258297,PERSON,1
1871,Graham,258341,258347,PERSON,1
1872,one,258441,258444,CARDINAL,1
1873,"Graham,”I",258633,258642,PERSON,1
1874,first,258982,258987,ORDINAL,1
1875,Lane,259082,259086,PERSON,1
1876,Graham,259319,259325,PERSON,1
1877,Graham,259542,259548,PERSON,1
1878,Lane,260050,260054,PERSON,1
1879,this many a day,260111,260126,DATE,1
1880,Graham,260212,260218,PERSON,1
1881,Graham,260343,260349,PERSON,1
1882,pert,260395,260399,PERSON,1
1883,New York,260841,260849,GPE,1
1884,capitally,261423,261432,ORG,1
1885,day,261833,261836,DATE,1
1886,two,261840,261843,CARDINAL,1
1887,April 's Lady,262178,262191,WORK_OF_ART,1
1888,several months,262694,262708,DATE,1
1889,"Agnes,”I",262867,262875,PERSON,1
1890,February,262890,262898,DATE,1
1891,April,263167,263172,DATE,1
1892,‘ The Quill ’,263326,263339,WORK_OF_ART,1
1893,the middle of March,263343,263362,DATE,1
1894,St. Augustine,263442,263455,GPE,1
1895,a couple of months,263462,263480,DATE,1
1896,George,264145,264151,PERSON,1
1897,a minute,264237,264245,TIME,1
1898,one,264403,264406,CARDINAL,1
1899,St. Augustine,264466,264479,GPE,1
1900,one,264720,264723,CARDINAL,1
1901,one,264863,264866,CARDINAL,1
1902,April,264944,264949,DATE,1
1903,Lady,264953,264957,PERSON,1
1904,MORNING,264998,265005,TIME,1
1905,MORNING,265015,265022,TIME,1
1906,Cuba,265054,265058,GPE,1
1907,Florida,265115,265122,GPE,1
1908,Marianao,265153,265161,ORG,1
1909,Annie Cleaves,265333,265346,PERSON,1
1910,yesterday,265347,265356,DATE,1
1911,Cuba,265431,265435,GPE,1
1912,New York,266499,266507,GPE,1
1913,only one,266696,266704,CARDINAL,1
1914,Lottie Greenwell,266817,266833,PERSON,1
1915,ten days,266889,266897,DATE,1
1916,one night,266929,266938,TIME,1
1917,Elsie Manning,267041,267054,PERSON,1
1918,Kate Turner,267273,267284,PERSON,1
1919,French,267799,267805,LANGUAGE,1
1920,Nora Delaney,267860,267872,PERSON,1
1921,Annie Cleaves,267893,267906,PERSON,1
1922,dozen,268258,268263,CARDINAL,1
1923,One,268280,268283,CARDINAL,1
1924,New York,268859,268867,GPE,1
1925,about four o'clock in the morning,270093,270126,TIME,1
1926,Havana,270148,270154,GPE,1
1927,Marianao,271096,271104,ORG,1
1928,fifteen hours,271160,271173,TIME,1
1929,Chester,272329,272336,PERSON,1
1930,Cuba,272372,272376,GPE,1
1931,Cuba,272433,272437,GPE,1
1932,Some days,272698,272707,DATE,1
1933,Annie Cleaves,272723,272736,PERSON,1
1934,the Chopin Nocturne,272875,272894,PERSON,1
1935,Annie,273131,273136,PERSON,1
1936,Annie,273443,273448,PERSON,1
1937,Annie,273565,273570,PERSON,1
1938,nineteenth-century days,273675,273698,DATE,1
1939,Agnes,273803,273808,PERSON,1
1940,Wheeler,273824,273831,PERSON,1
1941,seven,273835,273840,CARDINAL,1
1942,three,273857,273862,CARDINAL,1
1943,Annie,274167,274172,PERSON,1
1944,Annie,274635,274640,PERSON,1
1945,dozens,274800,274806,CARDINAL,1
1946,Annie,275148,275153,PERSON,1
1947,Arthur,275470,275476,PERSON,1
1948,Annie,275684,275689,PERSON,1
1949,Peltonville,275970,275981,PERSON,1
1950,New York,276010,276018,GPE,1
1951,Cuba,276025,276029,GPE,1
1952,Annie,276236,276241,PERSON,1
1953,one,276600,276603,CARDINAL,1
1954,Annie joy,276728,276737,PERSON,1
1955,last night,277014,277024,TIME,1
1956,last winter,277054,277065,DATE,1
1957,China,277506,277511,GPE,1
1958,Fred Armstrong,277556,277570,PERSON,1
1959,Agnes Peltonville,277600,277617,PERSON,1
1960,Cuban,277716,277721,NORP,1
1961,Fred Armstrong,277824,277838,PERSON,1
1962,Annie,277870,277875,PERSON,1
1963,Annie,277978,277983,PERSON,1
1964,Agnes,278090,278095,PERSON,1
1965,Arthur,278102,278108,PERSON,1
1966,Cuba,278303,278307,GPE,1
1967,Annie Cleaves,278318,278331,PERSON,1
1968,yesterday,278370,278379,DATE,1
1969,Bob Wainwright,278413,278427,PERSON,1
1970,Peltonville,278562,278573,PERSON,1
1971,Ninth,278649,278654,ORDINAL,1
1972,DELIA GRIMWET,278656,278669,PERSON,1
1973,DELIA GRIMWET,278671,278684,PERSON,1
1974,Kempton,278750,278757,PERSON,1
1975,Maine,278822,278827,GPE,1
1976,Kempton,279074,279081,GPE,1
1977,Kempton,279298,279305,PERSON,1
1978,one,279310,279313,CARDINAL,1
1979,New England,279364,279375,LOC,1
1980,one,279421,279424,CARDINAL,1
1981,Kempton,279573,279580,PERSON,1
1982,night,279910,279915,TIME,1
1983,Kempton,280136,280143,PERSON,1
1984,November day,280785,280797,DATE,1
1985,Kempton Hill,280962,280974,FAC,1
1986,first,281288,281293,ORDINAL,1
1987,half a dozen,281810,281822,CARDINAL,1
1988,Kempton,281838,281845,GPE,1
1989,first,282048,282053,ORDINAL,1
1990,first,282144,282149,ORDINAL,1
1991,Farnsworth,282222,282232,PERSON,1
1992,Farnsworth,282515,282525,PERSON,1
1993,Kempton,283295,283302,PERSON,1
1994,one,283631,283634,CARDINAL,1
1995,"Yes,”the sexton",284484,284499,PERSON,1
1996,"too,”he",284582,284589,PERSON,1
1997,"Yes,”was",285002,285010,PERSON,1
1998,Joe Grimwet,285053,285064,PERSON,1
1999,Kempton,285189,285196,PERSON,1
2000,"Yes,”she",285290,285298,PERSON,1
2001,“He,285304,285307,PERSON,1
2002,burdocks,285349,285357,ORG,1
2003,Farnsworth,285879,285889,ORG,1
2004,dead?”he,286136,286144,PERSON,1
2005,one,286288,286291,CARDINAL,1
2006,Delia Grimwet?”she,286403,286421,PERSON,1
2007,still?”Farnsworth,286532,286549,PERSON,1
2008,"Yes,”the sexton",286585,286600,PERSON,1
2009,"likely,”she",287411,287422,PERSON,1
2010,Farnsworth,287489,287499,ORG,1
2011,two,287534,287537,CARDINAL,1
2012,Nat Hersey,287801,287811,PERSON,1
2013,Farnsworth,287865,287875,PERSON,1
2014,ye,288084,288086,PERSON,1
2015,Widder Bemis,288111,288123,PERSON,1
2016,ye,288141,288143,PERSON,1
2017,Bemis,288271,288276,PERSON,1
2018,Hersey,288314,288320,PERSON,1
2019,sexton?”Farnsworth,288798,288816,ORG,1
2020,Sexton Grimwet,289068,289082,PERSON,1
2021,Dele,289121,289125,PERSON,1
2022,leastways,289320,289329,ORG,1
2023,Grimwet,289745,289752,PERSON,1
2024,Parson Eaton,289880,289892,PERSON,1
2025,Samaritan,290076,290085,PERSON,1
2026,Mary Magdalene,290097,290111,PERSON,1
2027,Dele,290203,290207,PERSON,1
2028,Tom Tobey,290362,290371,PERSON,1
2029,Zenas Faston,290376,290388,PERSON,1
2030,two,290462,290465,CARDINAL,1
2031,Farnsworth,290467,290477,ORG,1
2032,Twas well the parson stood up for Dele,290615,290653,WORK_OF_ART,1
2033,Dele,290808,290812,PERSON,1
2034,Bemis,291111,291116,PERSON,1
2035,summer,291179,291185,DATE,1
2036,Kempton,291273,291280,GPE,1
2037,Farnsworth,291318,291328,PERSON,1
2038,the night,291347,291356,TIME,1
2039,Kempton,291477,291484,PERSON,1
2040,Farnsworth,291574,291584,ORG,1
2041,Bemis,291636,291641,PERSON,1
2042,Hersey,291652,291658,PERSON,1
2043,Farnsworth,291744,291754,ORG,1
2044,one,292484,292487,CARDINAL,1
2045,Farnsworth,292583,292593,ORG,1
2046,Farnsworth,292931,292941,PERSON,1
2047,Delia Grimwet,293002,293015,PERSON,1
2048,Kempton,293488,293495,PERSON,1
2049,Delia,293530,293535,PERSON,1
2050,ten years,293703,293712,DATE,1
2051,Delia Grimwet,293879,293892,PERSON,1
2052,the years,293896,293905,DATE,1
2053,Farnsworth,294091,294101,PERSON,1
2054,Delia Grimwet,294543,294556,PERSON,1
2055,ten years,294675,294684,DATE,1
2056,Farnsworth,295143,295153,PERSON,1
2057,afternoon,295174,295183,TIME,1
2058,Delia,295185,295190,PERSON,1
2059,first,295248,295253,ORDINAL,1
2060,the old days,295398,295410,DATE,1
2061,night,295460,295465,TIME,1
2062,one,295729,295732,CARDINAL,1
2063,the early days,295955,295969,DATE,1
2064,Pettigrove,296305,296315,PERSON,1
2065,Farnsworth,296739,296749,PERSON,1
2066,Farnsworth,297008,297018,ORG,1
2067,Delia,297028,297033,PERSON,1
2068,Farnsworth,297244,297254,PERSON,1
2069,Farnsworth,298530,298540,ORG,1
2070,Delia,298837,298842,PERSON,1
2071,half,298947,298951,CARDINAL,1
2072,say!”Farnsworth,299009,299024,ORG,1
2073,"No,”she",299304,299311,PERSON,1
2074,her best days,299594,299607,DATE,1
2075,"But,”Farnsworth",299829,299844,ORG,1
2076,Delia,299906,299911,PERSON,1
2077,boy!”she,300556,300564,PERSON,1
2078,Farnsworth,300710,300720,ORG,1
2079,Farnsworth,300950,300960,ORG,1
2080,a dozen summers,301831,301846,DATE,1
2081,all night,301998,302007,TIME,1
2082,Farnsworth,302499,302509,ORG,1
2083,Farnsworth,303684,303694,ORG,1
2084,first,303698,303703,ORDINAL,1
2085,Farnsworth,304521,304531,PERSON,1
2086,Farnsworth,304999,305009,ORG,1
2087,Farnsworth,305468,305478,ORG,1
2088,Farnsworth,305886,305896,ORG,1
2089,Delia,306377,306382,PERSON,1
2090,first,306475,306480,ORDINAL,1
2091,Farnsworth,306613,306623,ORG,1
2092,Delia Grimwet,306631,306644,PERSON,1
2093,Eaton,306946,306951,PERSON,1
2094,united,307824,307830,ORG,1
2095,forenoon,308462,308470,TIME,1
2096,Farnsworth,308490,308500,PERSON,1
2097,"Come, Delia,”he",308571,308586,WORK_OF_ART,1
2098,house,308606,308611,ORG,1
2099,Bemis,308667,308672,PERSON,1
2100,Farnsworth,308726,308736,PERSON,1
2101,Kempton,308918,308925,PERSON,1
2102,Sunday,308963,308969,DATE,1
2103,John Farnsworth,309202,309217,PERSON,1
2104,Delia,309853,309858,PERSON,1
2105,The days,310575,310583,DATE,1
2106,a penny,310608,310615,MONEY,1
2107,"Good-bye,”he",310832,310844,ORG,1
2108,Delia,310867,310872,PERSON,1
2109,Kempton,311438,311445,PERSON,1
2110,John Farnsworth,311454,311469,PERSON,1
2111,woful,311487,311492,GPE,1
2112,Delia,311601,311606,PERSON,1
2113,two,311631,311634,CARDINAL,1
2114,half,311690,311694,CARDINAL,1
2115,the previous night,311734,311752,TIME,1
2116,ye goin ’,312948,312957,PERSON,1
2117,Widder Pettigrove 's,312976,312996,PERSON,1
2118,"Bill,”she",313193,313202,ORG,1
2119,Prince Vance,313259,313271,WORK_OF_ART,1
2120,an Entertaining Fairy Story of the wildest,313276,313318,WORK_OF_ART,1
2121,4to,313599,313602,CARDINAL,1
2122,1,313625,313626,MONEY,1
2123,ROBERTS BROTHERS,313632,313648,ORG,1
2124,BOSTON,313650,313656,GPE,1
